ID,MTO_PIA
1,7209
2,4176
3,4286
4,4286
5,1367
6,7246
7,4139
8,1404
9,1220
10,7209
11,7172
12,7283
13,1478
14,4249
15,396
16,1082
17,4323
18,4139
19,1294
20,3678
21,3894
22,7283
23,4212
24,1404
25,4396
26,4544
27,9304
28,4102
29,7356
30,7356
31,4470
32,3894
33,1404
34,1404
35,4327
36,4212
37,4212
38,4139
39,4139
40,1045
41,4433
42,1478
43,1478
44,1441
45,4286
46,1515
47,3678
48,1404
49,7283
50,7283
51,4249
52,396
53,4176
54,1183
55,1367
56,1367
57,4470
58,3894
59,1331
60,1220
61,-12965
62,8871
63,4396
64,9087
65,3894
66,4176
67,7209
68,7319
69,1220
70,7319
71,4396
72,1294
73,359
74,9304
75,1294
76,7356
77,4212
78,4111
79,4111
80,0
81,1220
82,1331
83,1404
84,359
85,0
86,3678
87,1045
88,7136
89,4544
90,1331
91,1515
92,1478
93,4249
94,1441
95,4323
96,4323
97,4470
98,1478
99,4176
100,1183
101,1183
102,9304
103,1257
104,396
105,7209
106,4286
107,3678
108,1404
109,4544
110,9304
111,7246
112,1404
113,1331
114,-16892
115,7283
116,4102
117,7356
118,4470
119,7356
120,1082
121,4111
122,1045
123,4470
124,4470
125,3894
126,4176
127,4139
128,1294
129,1294
130,4470
131,3894
132,1404
133,4396
134,1331
135,7136
136,1257
137,433
138,4176
139,7246
140,4139
141,1045
142,7172
143,4327
144,9304
145,8871
146,4396
147,-15847
148,4102
149,-13112
150,7246
151,1257
152,359
153,7136
154,1082
155,1478
156,7246
157,4327
158,4327
159,1220
160,1404
161,359
162,7172
163,4102
164,1220
165,1082
166,4507
167,4544
168,1367
169,1220
170,4470
171,7136
172,1441
173,4507
174,4176
175,1367
176,1367
177,1294
178,3678
179,3894
180,4102
181,4433
182,1082
183,1082
184,1082
185,1183
186,1367
187,3678
188,1045
189,3894
190,1404
191,1331
192,1331
193,1331
194,7136
195,9304
196,4249
197,1082
198,7319
199,1294
200,3894
201,1404
202,4396
203,1331
204,1441
205,396
206,7283
207,4507
208,4507
209,4323
210,1294
211,3678
212,4470
213,3894
214,4396
215,4327
216,1331
217,359
218,359
219,1082
220,1515
221,4470
222,4327
223,1331
224,7283
225,1441
226,4212
227,4212
228,4360
229,7319
230,7136
231,359
232,7283
233,4102
234,4102
235,7356
236,4249
237,1515
238,1515
239,1183
240,4286
241,7209
242,1220
243,9087
244,1404
245,1478
246,4212
247,1367
248,1404
249,1478
250,4507
251,4433
252,1220
253,4327
254,1220
255,1257
256,1367
257,1404
258,4323
259,1220
260,1082
261,1045
262,1257
263,1367
264,359
265,7319
266,7356
267,4102
268,396
269,4212
270,4470
271,1404
272,4544
273,4544
274,7136
275,1478
276,4176
277,4286
278,1367
279,4360
280,7319
281,-15920
282,7283
283,7356
284,1441
285,4286
286,4323
287,4111
288,3894
289,3894
290,1404
291,1404
292,9304
293,4102
294,4323
295,1367
296,7246
297,4139
298,4139
299,7319
300,1404
301,1404
302,1331
303,359
304,359
305,7283
306,7356
307,433
308,4111
309,7319
310,1294
311,1294
312,7172
313,7172
314,7136
315,7246
316,1045
317,1045
318,4470
319,1220
320,1220
321,359
322,7356
323,1441
324,433
325,396
326,7209
327,1183
328,4111
329,4360
330,4360
331,1045
332,3894
333,4396
334,1441
335,4360
336,7172
337,1404
338,4544
339,4544
340,4327
341,4286
342,4286
343,4286
344,3894
345,4544
346,9087
347,9087
348,-16031
349,-16031
350,4360
351,4470
352,1331
353,1220
354,1257
355,1404
356,359
357,433
358,0
359,4544
360,4212
361,1478
362,1082
363,4360
364,4360
365,1331
366,1404
367,1183
368,1220
369,1331
370,0
371,7246
372,4249
373,4360
374,4470
375,4470
376,1331
377,1220
378,9304
379,-16892
380,4507
381,396
382,1082
383,1367
384,4470
385,3894
386,3894
387,4327
388,1220
389,4249
390,1045
391,7172
392,1331
393,1220
394,9304
395,4323
396,1515
397,1515
398,1367
399,1294
400,1404
401,1331
402,1331
403,1257
404,1478
405,1515
406,1183
407,1367
408,4470
409,4470
410,3894
411,4544
412,1331
413,4433
414,4212
415,4323
416,1367
417,1257
418,4176
419,4176
420,4111
421,1294
422,4396
423,1257
424,7356
425,-15884
426,7136
427,7283
428,4286
429,4286
430,4286
431,-15847
432,7136
433,1367
434,9087
435,-16031
436,0
437,4176
438,4176
439,4396
440,4507
441,4327
442,1294
443,359
444,7136
445,4249
446,4433
447,4327
448,1220
449,1082
450,7209
451,4249
452,4323
453,4470
454,7136
455,7209
456,4323
457,4360
458,4327
459,359
460,359
461,7356
462,1220
463,7356
464,7209
465,1082
466,4111
467,7246
468,1331
469,1331
470,1257
471,7356
472,4249
473,4507
474,1082
475,4111
476,1294
477,1045
478,3894
479,7172
480,1478
481,1478
482,1478
483,4323
484,4470
485,1404
486,4396
487,4327
488,1220
489,1441
490,4323
491,7283
492,1257
493,433
494,4507
495,1082
496,1082
497,4111
498,4360
499,4360
500,9087
501,4102
502,4139
503,1294
504,4470
505,9304
506,4176
507,4470
508,4433
509,4433
510,1257
511,1478
512,7209
513,7209
514,1082
515,4212
516,1367
517,7246
518,4139
519,3678
520,4470
521,1404
522,1331
523,1220
524,4286
525,4396
526,3894
527,1367
528,9087
529,9087
530,4139
531,1257
532,1331
533,359
534,396
535,7356
536,1331
537,1045
538,1082
539,7356
540,4360
541,1220
542,1082
543,7136
544,7172
545,7209
546,7319
547,1183
548,1294
549,1478
550,4323
551,3894
552,1183
553,1367
554,7319
555,1294
556,1045
557,4470
558,1404
559,4396
560,4396
561,1220
562,1220
563,9304
564,9304
565,359
566,4433
567,7356
568,1515
569,4470
570,1404
571,1404
572,1404
573,433
574,1367
575,7246
576,4327
577,4102
578,4507
579,1367
580,1367
581,3678
582,3678
583,1045
584,1404
585,1404
586,1478
587,1478
588,1478
589,4176
590,4323
591,1515
592,3894
593,3894
594,7356
595,4507
596,1082
597,4111
598,4111
599,7319
600,1294
601,3894
602,7172
603,1404
604,4544
605,4102
606,4212
607,4176
608,4139
609,4139
610,1045
611,216
612,4396
613,1220
614,359
615,7283
616,7356
617,1441
618,1082
619,4212
620,4323
621,4360
622,1404
623,4396
624,9304
625,7209
626,9087
627,9087
628,359
629,4327
630,1220
631,1220
632,1082
633,359
634,1294
635,9087
636,4323
637,1220
638,7246
639,4470
640,1331
641,7209
642,4396
643,4396
644,4396
645,4327
646,4111
647,1257
648,4139
649,4323
650,4433
651,4544
652,4544
653,4249
654,1082
655,4139
656,3894
657,7172
658,1404
659,9304
660,1515
661,4139
662,7319
663,1294
664,1404
665,1404
666,1404
667,1331
668,1082
669,1082
670,4286
671,4139
672,4139
673,4470
674,4544
675,1478
676,4360
677,7319
678,1404
679,1331
680,7283
681,1257
682,1441
683,7209
684,1404
685,1404
686,4396
687,4544
688,1082
689,7246
690,4360
691,4139
692,1404
693,4396
694,1331
695,1441
696,1441
697,4360
698,4470
699,4470
700,1404
701,1404
702,1478
703,7356
704,1082
705,4176
706,4139
707,0
708,4470
709,7172
710,7172
711,1404
712,4286
713,-12965
714,-9895
715,359
716,-16031
717,4544
718,1331
719,4360
720,4396
721,7246
722,4139
723,1082
724,4327
725,1220
726,4212
727,4544
728,7209
729,1515
730,9087
731,4433
732,4470
733,4507
734,4544
735,1331
736,9258
737,9552
738,9626
739,-846
740,-368
741,21517
742,13222
743,38149
744,36567
745,32556
746,54882
747,27220
748,17369
749,9148
750,9148
751,13626
752,-294
753,-184
754,17443
755,-589
756,-368
757,9405
758,36714
759,26889
760,17553
761,19242
762,-552
763,54919
764,13700
765,17921
766,-662
767,-809
768,17921
769,36052
770,32445
771,32776
772,9295
773,17627
774,-773
775,32077
776,32077
777,9736
778,36861
779,-883
780,54739
781,38038
782,-736
783,13663
784,17406
785,37413
786,32372
787,21664
788,35647
789,-699
790,32225
791,9074
792,32556
793,17664
794,19720
795,-809
796,21443
797,32335
798,38185
799,-773
800,-589
801,32188
802,38038
803,-552
804,9589
805,27441
806,26705
807,13185
808,-699
809,27000
810,17664
811,32335
812,-515
813,36567
814,9332
815,4963
816,54919
817,-37
818,9479
819,5589
820,55821
821,19426
822,-184
823,32041
824,9368
825,-589
826,0
827,-846
828,26852
829,-221
830,9332
831,9332
832,37266
833,-331
834,38002
835,9589
836,32482
837,32666
838,-37
839,-809
840,17921
841,-405
842,-405
843,-809
844,32776
845,13737
846,-515
847,36493
848,-699
849,17296
850,-294
851,-294
852,17443
853,37707
854,9736
855,0
856,17333
857,26889
858,13663
859,-736
860,36420
861,-258
862,26632
863,32666
864,37744
865,54882
866,-147
867,32629
868,38296
869,32445
870,32261
871,55821
872,27478
873,-773
874,-773
875,-773
876,32813
877,9736
878,9736
879,9736
880,37597
881,0
882,38149
883,26889
884,13222
885,37450
886,17958
887,-441
888,-441
889,52848
890,32372
891,26963
892,32372
893,36824
894,-258
895,9663
896,32556
897,54919
898,32114
899,32261
900,-662
901,32776
902,9221
903,32850
904,9479
905,5147
906,-294
907,32703
908,17590
909,9736
910,-883
911,0
912,-846
913,17480
914,38222
915,21627
916,26852
917,37965
918,-221
919,17884
920,27367
921,-221
922,5257
923,-258
924,-552
925,-331
926,26779
927,-110
928,9515
929,-110
930,54919
931,36751
932,9111
933,27404
934,54523
935,9148
936,27331
937,9184
938,13773
939,54919
940,54919
941,56254
942,52774
943,13185
944,52885
945,21480
946,21627
947,21922
948,21922
949,21995
950,21370
951,32519
952,32776
953,21407
954,21517
955,21885
956,54183
957,13516
958,52774
959,22032
960,13222
961,21554
962,13369
963,22069
964,22069
965,13516
966,21591
967,21591
968,21664
969,13700
970,52922
971,51476
972,17700
973,51587
974,17443
975,51550
976,17333
977,9332
978,51623
979,51476
980,17811
981,17553
982,-589
983,51476
984,17884
985,9736
986,5405
987,21627
988,17406
989,17737
990,9148
991,5221
992,27073
993,22069
994,17553
995,17627
996,17921
997,13222
998,9221
999,9405
1000,9626
1001,9663
1002,32519
1003,21480
1004,21995
1005,21995
1006,22032
1007,17369
1008,13479
1009,9368
1010,9515
1011,5074
1012,5110
1013,5552
1014,54919
1015,37045
1016,26742
1017,17848
1018,17958
1019,13369
1020,9332
1021,9442
1022,54919
1023,36714
1024,26816
1025,27036
1026,27257
1027,54956
1028,37192
1029,32776
1030,27147
1031,13663
1032,13847
1033,9368
1034,5625
1035,36088
1036,37376
1037,17553
1038,13516
1039,5331
1040,37082
1041,27367
1042,21296
1043,21738
1044,13222
1045,13332
1046,32409
1047,-294
1048,-74
1049,-625
1050,-625
1051,37928
1052,13590
1053,26926
1054,-846
1055,-478
1056,-221
1057,-221
1058,26668
1059,-552
1060,17774
1061,37229
1062,-37
1063,32556
1064,26705
1065,32740
1066,32114
1067,32114
1068,-147
1069,54523
1070,9111
1071,27220
1072,13773
1073,38296
1074,52774
1075,9258
1076,9258
1077,-184
1078,32519
1079,-773
1080,-74
1081,13442
1082,0
1083,26926
1084,-736
1085,17958
1086,17516
1087,13479
1088,32556
1089,-37
1090,36971
1091,-515
1092,17369
1093,9258
1094,9552
1095,-74
1096,21958
1097,9368
1098,9626
1099,17480
1100,-368
1101,-846
1102,27294
1103,38222
1104,38112
1105,17884
1106,13479
1107,9332
1108,17884
1109,13847
1110,36493
1111,-331
1112,32298
1113,32004
1114,-809
1115,13737
1116,17369
1117,38296
1118,36603
1119,27110
1120,-773
1121,32077
1122,32041
1123,9626
1124,-625
1125,-589
1126,0
1127,32887
1128,52848
1129,-552
1130,9589
1131,54919
1132,-699
1133,13516
1134,-662
1135,-147
1136,32445
1137,-515
1138,-515
1139,9699
1140,54919
1141,32776
1142,9258
1143,37008
1144,-184
1145,-773
1146,37818
1147,32188
1148,-846
1149,36714
1150,-846
1151,27294
1152,-368
1153,52885
1154,20052
1155,-552
1156,13406
1157,52958
1158,9074
1159,26705
1160,-110
1161,-110
1162,9221
1163,9221
1164,37229
1165,-699
1166,56254
1167,-809
1168,54956
1169,27036
1170,13810
1171,9368
1172,13332
1173,9442
1174,32703
1175,-883
1176,-883
1177,0
1178,19463
1179,37450
1180,32188
1181,27257
1182,13406
1183,13700
1184,21407
1185,32482
1186,32850
1187,27036
1188,13258
1189,32519
1190,13810
1191,0
1192,0
1193,32887
1194,-846
1195,13369
1196,37634
1197,-258
1198,-552
1199,27000
1200,54882
1201,32225
1202,9515
1203,-37
1204,-37
1205,-699
1206,32740
1207,-809
1208,27331
1209,-441
1210,32592
1211,32482
1212,32225
1213,9479
1214,32445
1215,-294
1216,9552
1217,32041
1218,13553
1219,17737
1220,37597
1221,37965
1222,9405
1223,17480
1224,13369
1225,32592
1226,27367
1227,-478
1228,26595
1229,37266
1230,32004
1231,54919
1232,13700
1233,-110
1234,-809
1235,-515
1236,17700
1237,5405
1238,9148
1239,27331
1240,-110
1241,13590
1242,13406
1243,21443
1244,21922
1245,21958
1246,32850
1247,32261
1248,52885
1249,21223
1250,52811
1251,13810
1252,32225
1253,32482
1254,52958
1255,21554
1256,21554
1257,54257
1258,13442
1259,21664
1260,21664
1261,13222
1262,51476
1263,51587
1264,13663
1265,51660
1266,17516
1267,17369
1268,51587
1269,51587
1270,54919
1271,54919
1272,17480
1273,52922
1274,17406
1275,-625
1276,-552
1277,17811
1278,17848
1279,26926
1280,51587
1281,27257
1282,9074
1283,5147
1284,5294
1285,37303
1286,26595
1287,26816
1288,26852
1289,13258
1290,5441
1291,27220
1292,13590
1293,9148
1294,9736
1295,36530
1296,36640
1297,36898
1298,27257
1299,21517
1300,17737
1301,9111
1302,37266
1303,37339
1304,27294
1305,27294
1306,36493
1307,36824
1308,21186
1309,21443
1310,21554
1311,21554
1312,5478
1313,17443
1314,13700
1315,9405
1316,9515
1317,5000
1318,27000
1319,21186
1320,21922
1321,17664
1322,5625
1323,36236
1324,32372
1325,32556
1326,27367
1327,21664
1328,37486
1329,9552
1330,9552
1331,32151
1332,-74
1333,17480
1334,37155
1335,5368
1336,-221
1337,9332
1338,26668
1339,37339
1340,-552
1341,26963
1342,36824
1343,9515
1344,9074
1345,26779
1346,54919
1347,9111
1348,26816
1349,32445
1350,32409
1351,36677
1352,56037
1353,37891
1354,32041
1355,32703
1356,-589
1357,38112
1358,38222
1359,17958
1360,36898
1361,13663
1362,37413
1363,13847
1364,-331
1365,32740
1366,32114
1367,-147
1368,27147
1369,-405
1370,17664
1371,32629
1372,54956
1373,9184
1374,27110
1375,32409
1376,32151
1377,-74
1378,-368
1379,-736
1380,54845
1381,26926
1382,-478
1383,-331
1384,37303
1385,-331
1386,26595
1387,32666
1388,54919
1389,9111
1390,-515
1391,27441
1392,9589
1393,-331
1394,37486
1395,-184
1396,13295
1397,13332
1398,37818
1399,36861
1400,-883
1401,17958
1402,-846
1403,-221
1404,17884
1405,19316
1406,13847
1407,17774
1408,-258
1409,9589
1410,-699
1411,54882
1412,32482
1413,21259
1414,35904
1415,9479
1416,19353
1417,9699
1418,27073
1419,32556
1420,-662
1421,-809
1422,32335
1423,9258
1424,55821
1425,32813
1426,37707
1427,37597
1428,0
1429,13663
1430,27294
1431,38038
1432,26889
1433,27367
1434,17516
1435,26668
1436,-221
1437,38259
1438,-110
1439,17848
1440,9515
1441,9221
1442,52958
1443,9074
1444,9515
1445,-110
1446,54919
1447,52958
1448,9699
1449,32445
1450,-515
1451,27073
1452,9479
1453,-515
1454,32004
1455,32298
1456,9111
1457,27036
1458,27478
1459,37891
1460,32813
1461,9626
1462,-625
1463,17590
1464,-589
1465,37155
1466,-441
1467,-368
1468,-441
1469,-478
1470,-478
1471,21591
1472,21922
1473,54919
1474,37744
1475,21554
1476,-405
1477,32261
1478,27404
1479,27183
1480,32629
1481,17921
1482,26816
1483,52811
1484,5110
1485,5552
1486,9295
1487,-184
1488,13258
1489,32519
1490,32151
1491,32041
1492,32041
1493,-74
1494,17737
1495,-625
1496,-368
1497,-368
1498,21848
1499,9332
1500,37670
1501,9589
1502,32004
1503,26595
1504,36456
1505,-37
1506,13700
1507,9111
1508,32592
1509,-478
1510,32372
1511,32298
1512,32261
1513,9699
1514,37781
1515,32519
1516,13295
1517,32813
1518,9626
1519,9626
1520,32703
1521,-625
1522,38149
1523,-441
1524,-736
1525,37670
1526,27257
1527,13406
1528,-258
1529,9663
1530,32482
1531,-37
1532,-699
1533,9074
1534,19500
1535,-809
1536,27147
1537,-405
1538,27220
1539,36603
1540,17700
1541,-515
1542,13663
1543,21738
1544,21774
1545,54109
1546,21811
1547,55481
1548,21370
1549,21517
1550,54146
1551,21885
1552,55408
1553,52811
1554,13810
1555,32372
1556,32740
1557,32041
1558,54146
1559,13553
1560,22069
1561,13479
1562,17921
1563,51587
1564,13773
1565,51513
1566,17958
1567,9626
1568,51660
1569,51660
1570,51623
1571,51550
1572,51550
1573,17553
1574,13810
1575,51476
1576,51476
1577,5441
1578,32592
1579,32887
1580,27404
1581,21186
1582,21517
1583,13516
1584,9221
1585,5441
1586,54845
1587,32298
1588,27110
1589,22032
1590,17333
1591,9589
1592,36935
1593,32629
1594,17516
1595,17811
1596,13590
1597,56037
1598,21701
1599,17700
1600,9074
1601,27220
1602,27478
1603,21259
1604,21333
1605,36677
1606,22069
1607,13295
1608,9479
1609,17958
1610,9699
1611,5074
1612,5184
1613,5589
1614,21223
1615,21259
1616,5221
1617,5405
1618,5552
1619,21407
1620,21922
1621,9295
1622,37781
1623,-184
1624,-184
1625,-625
1626,37928
1627,-883
1628,-589
1629,-589
1630,-441
1631,-736
1632,32188
1633,27367
1634,52848
1635,-258
1636,9221
1637,26705
1638,-699
1639,-110
1640,-699
1641,32740
1642,32114
1643,27183
1644,-405
1645,-147
1646,27404
1647,9479
1648,32335
1649,55821
1650,56037
1651,56037
1652,56037
1653,32519
1654,-74
1655,9368
1656,-883
1657,-589
1658,-368
1659,54845
1660,-441
1661,32887
1662,-368
1663,21186
1664,9332
1665,-221
1666,32592
1667,27257
1668,-331
1669,-258
1670,32298
1671,17848
1672,26742
1673,32666
1674,-405
1675,-662
1676,5625
1677,-147
1678,32261
1679,-515
1680,36162
1681,37376
1682,9295
1683,13258
1684,56037
1685,-773
1686,32041
1687,9626
1688,0
1689,17406
1690,38038
1691,-846
1692,38222
1693,-221
1694,-552
1695,9663
1696,38075
1697,9589
1698,54919
1699,-147
1700,5037
1701,21995
1702,9699
1703,32629
1704,5000
1705,32813
1706,-74
1707,13442
1708,17590
1709,-883
1710,-589
1711,22032
1712,37634
1713,9405
1714,17480
1715,9405
1716,9405
1717,13222
1718,13222
1719,5409
1720,20088
1721,-478
1722,-331
1723,-552
1724,21223
1725,37668
1726,37560
1727,27147
1728,9148
1729,32850
1730,27110
1731,27036
1732,-294
1733,-773
1734,9626
1735,13442
1736,5221
1737,13663
1738,37413
1739,9332
1740,32298
1741,32298
1742,26742
1743,37744
1744,-699
1745,26779
1746,27220
1747,27220
1748,-662
1749,5331
1750,26816
1751,27147
1752,27073
1753,17296
1754,13773
1755,9184
1756,-515
1757,52774
1758,9479
1759,-221
1760,9663
1761,54919
1762,32629
1763,-662
1764,17700
1765,32776
1766,32409
1767,-184
1768,9442
1769,0
1770,-736
1771,36898
1772,9332
1773,9332
1774,-331
1775,9663
1776,26963
1777,13700
1778,54919
1779,52958
1780,-662
1781,9184
1782,9184
1783,13626
1784,54919
1785,32409
1786,9552
1787,9368
1788,17737
1789,-625
1790,9736
1791,54739
1792,13369
1793,-736
1794,32887
1795,19279
1796,36935
1797,32592
1798,13847
1799,17774
1800,52885
1801,32556
1802,54919
1803,54919
1804,54919
1805,27000
1806,-809
1807,54523
1808,-147
1809,17811
1810,32740
1811,9184
1812,-294
1813,36677
1814,32077
1815,-74
1816,9442
1817,-441
1818,-368
1819,32592
1820,-221
1821,32740
1822,54882
1823,32740
1824,54882
1825,-110
1826,9111
1827,36971
1828,-147
1829,-809
1830,5441
1831,32776
1832,13258
1833,13553
1834,54183
1835,13700
1836,52958
1837,21958
1838,21811
1839,21811
1840,21995
1841,21259
1842,21259
1843,32188
1844,21407
1845,54109
1846,32335
1847,54109
1848,22032
1849,22032
1850,13185
1851,55444
1852,13406
1853,52848
1854,13442
1855,32372
1856,13590
1857,13773
1858,17627
1859,17774
1860,26632
1861,17516
1862,-773
1863,27000
1864,17480
1865,38075
1866,38075
1867,51660
1868,-662
1869,51550
1870,51513
1871,51623
1872,17664
1873,17848
1874,32666
1875,26779
1876,21223
1877,9184
1878,9221
1879,9479
1880,17516
1881,26705
1882,9405
1883,9663
1884,9663
1885,9699
1886,5110
1887,5405
1888,36861
1889,21370
1890,21738
1891,21774
1892,9111
1893,9295
1894,9332
1895,9699
1896,5037
1897,5257
1898,5552
1899,55821
1900,27183
1901,27331
1902,21480
1903,13479
1904,13406
1905,5368
1906,54845
1907,32114
1908,32482
1909,26779
1910,21333
1911,21517
1912,21958
1913,17296
1914,17700
1915,9258
1916,9736
1917,5184
1918,5368
1919,26963
1920,27073
1921,13185
1922,37376
1923,9258
1924,37781
1925,32077
1926,9442
1927,37818
1928,-625
1929,37928
1930,37523
1931,-589
1932,-589
1933,54845
1934,17333
1935,17516
1936,20015
1937,9074
1938,9074
1939,54882
1940,-147
1941,37854
1942,9699
1943,13737
1944,17700
1945,9184
1946,17369
1947,-294
1948,32151
1949,-74
1950,9626
1951,0
1952,-736
1953,32887
1954,-368
1955,54845
1956,-478
1957,9589
1958,-552
1959,17774
1960,32372
1961,32666
1962,9074
1963,54882
1964,9515
1965,56254
1966,5515
1967,17921
1968,32850
1969,37854
1970,13737
1971,9148
1972,9552
1973,9552
1974,56037
1975,32151
1976,-773
1977,17480
1978,-368
1979,13479
1980,-478
1981,9332
1982,26963
1983,26595
1984,9589
1985,32372
1986,32114
1987,37192
1988,32261
1989,-405
1990,37560
1991,9699
1992,17296
1993,5478
1994,-184
1995,21333
1996,32151
1997,32077
1998,32813
1999,13810
2000,-74
2001,13553
2002,13332
2003,-589
2004,26926
2005,9074
2006,54882
2007,9221
2008,-809
2009,17664
2010,27147
2011,-809
2012,17811
2013,32482
2014,27110
2015,9295
2016,55821
2017,38185
2018,-74
2019,13442
2020,-625
2021,37597
2022,21296
2023,54845
2024,-368
2025,-846
2026,-736
2027,-846
2028,-441
2029,37450
2030,9405
2031,19831
2032,13479
2033,26595
2034,54919
2035,37192
2036,-37
2037,-699
2038,-37
2039,-662
2040,32261
2041,9111
2042,17664
2043,-809
2044,37854
2045,5294
2046,32114
2047,32629
2048,32335
2049,13258
2050,9368
2051,9736
2052,-883
2053,-368
2054,26926
2055,32887
2056,54845
2057,9332
2058,32592
2059,-258
2060,13406
2061,9074
2062,56254
2063,54919
2064,9515
2065,17921
2066,-662
2067,27183
2068,35721
2069,17369
2070,32629
2071,9258
2072,36346
2073,37891
2074,17443
2075,32813
2076,17590
2077,36935
2078,-441
2079,32188
2080,-846
2081,22069
2082,13369
2083,17516
2084,27441
2085,-258
2086,17848
2087,32225
2088,-405
2089,-809
2090,13516
2091,54956
2092,17700
2093,17553
2094,-405
2095,32445
2096,27110
2097,9295
2098,9552
2099,37891
2100,54739
2101,38149
2102,37450
2103,38112
2104,38112
2105,37082
2106,13406
2107,32372
2108,26632
2109,-699
2110,-662
2111,36309
2112,9699
2113,52774
2114,54919
2115,-37
2116,13369
2117,21443
2118,21627
2119,21627
2120,21958
2121,13332
2122,21296
2123,21223
2124,21333
2125,32592
2126,13700
2127,52848
2128,52848
2129,21186
2130,21186
2131,17627
2132,-846
2133,13700
2134,17921
2135,17737
2136,51513
2137,17700
2138,13442
2139,17296
2140,17296
2141,17333
2142,51660
2143,51550
2144,17664
2145,51513
2146,-331
2147,13626
2148,9552
2149,5147
2150,26852
2151,21591
2152,17369
2153,9626
2154,36567
2155,21811
2156,9111
2157,9626
2158,5515
2159,27441
2160,21223
2161,21259
2162,32409
2163,17590
2164,9184
2165,9295
2166,5368
2167,26705
2168,26963
2169,27036
2170,17884
2171,9552
2172,26816
2173,26963
2174,21296
2175,21701
2176,13773
2177,9184
2178,5000
2179,5147
2180,36787
2181,32077
2182,21554
2183,21664
2184,21664
2185,17553
2186,17921
2187,-184
2188,13258
2189,32703
2190,-625
2191,-883
2192,17958
2193,-368
2194,-441
2195,17333
2196,36787
2197,-846
2198,-478
2199,13479
2200,-478
2201,-552
2202,38002
2203,54919
2204,26742
2205,-662
2206,37854
2207,36199
2208,17811
2209,52811
2210,-294
2211,-184
2212,56037
2213,32151
2214,13553
2215,54739
2216,0
2217,32188
2218,27294
2219,9405
2220,-736
2221,-736
2222,26889
2223,-478
2224,17553
2225,-258
2226,-258
2227,54882
2228,9221
2229,54919
2230,-699
2231,9111
2232,-809
2233,-405
2234,5074
2235,32629
2236,13516
2237,54956
2238,27331
2239,32409
2240,21885
2241,37008
2242,-184
2243,32519
2244,27478
2245,-74
2246,-883
2247,36530
2248,-736
2249,54845
2250,13222
2251,17333
2252,-478
2253,37670
2254,37413
2255,-552
2256,21370
2257,-331
2258,26632
2259,32556
2260,-37
2261,-110
2262,17848
2263,-147
2264,17811
2265,32004
2266,32261
2267,-294
2268,-294
2269,-184
2270,38185
2271,9626
2272,37818
2273,-625
2274,37523
2275,54739
2276,-846
2277,37965
2278,13590
2279,54845
2280,36640
2281,-221
2282,-478
2283,38259
2284,-110
2285,-37
2286,-699
2287,-515
2288,9479
2289,-515
2290,9332
2291,54523
2292,-515
2293,32409
2294,9552
2295,-184
2296,13295
2297,-773
2298,17737
2299,-883
2300,26852
2301,-441
2302,26852
2303,26852
2304,17884
2305,32004
2306,-699
2307,-110
2308,9515
2309,13516
2310,-662
2311,27404
2312,-147
2313,52811
2314,9148
2315,9295
2316,9552
2317,9442
2318,37119
2319,-441
2320,-736
2321,17406
2322,9405
2323,-441
2324,19647
2325,9332
2326,9332
2327,19794
2328,-331
2329,37045
2330,37744
2331,54919
2332,17848
2333,-110
2334,9221
2335,56254
2336,32225
2337,27183
2338,54523
2339,-147
2340,32629
2341,-809
2342,13516
2343,-147
2344,27404
2345,17811
2346,32445
2347,9699
2348,32776
2349,-294
2350,-184
2351,32519
2352,-773
2353,13810
2354,32703
2355,-625
2356,-625
2357,-368
2358,35868
2359,17516
2360,32004
2361,38259
2362,37303
2363,17664
2364,9184
2365,32776
2366,52774
2367,-515
2368,9663
2369,-515
2370,55821
2371,56037
2372,17627
2373,17443
2374,-773
2375,32077
2376,-74
2377,9442
2378,54739
2379,21774
2380,-221
2381,32298
2382,27441
2383,32372
2384,-331
2385,9663
2386,26779
2387,56254
2388,-37
2389,9074
2390,-662
2391,-662
2392,-662
2393,-147
2394,-405
2395,32335
2396,27331
2397,32335
2398,9515
2399,32850
2400,54845
2401,21443
2402,21480
2403,21738
2404,21774
2405,13479
2406,54073
2407,21296
2408,21223
2409,21333
2410,13258
2411,32004
2412,32114
2413,32298
2414,54845
2415,52885
2416,13626
2417,0
2418,17590
2419,51513
2420,51513
2421,13663
2422,17443
2423,51550
2424,-809
2425,51623
2426,-368
2427,51660
2428,51660
2429,51587
2430,-441
2431,5625
2432,32225
2433,21922
2434,17627
2435,13442
2436,54919
2437,36971
2438,37119
2439,27331
2440,13663
2441,13700
2442,9148
2443,9589
2444,26926
2445,27110
2446,21443
2447,21738
2448,21958
2449,21958
2450,17553
2451,9295
2452,37155
2453,9515
2454,5257
2455,26889
2456,21774
2457,22032
2458,13332
2459,13773
2460,5074
2461,5331
2462,17406
2463,17480
2464,17664
2465,17848
2466,37008
2467,32850
2468,17480
2469,13406
2470,9589
2471,54882
2472,32151
2473,37781
2474,17627
2475,-773
2476,13810
2477,-625
2478,-625
2479,13590
2480,54845
2481,-846
2482,36787
2483,36530
2484,-221
2485,-221
2486,-221
2487,26668
2488,5184
2489,-478
2490,-552
2491,-552
2492,-552
2493,32372
2494,54882
2495,32666
2496,32114
2497,-662
2498,27220
2499,-405
2500,13626
2501,20125
2502,37486
2503,-294
2504,-294
2505,-589
2506,19684
2507,-736
2508,32592
2509,9332
2510,36640
2511,37339
2512,9332
2513,19573
2514,27441
2515,9663
2516,26742
2517,32482
2518,-405
2519,-147
2520,27183
2521,27036
2522,27478
2523,32151
2524,13295
2525,32077
2526,-74
2527,37707
2528,-883
2529,37965
2530,-736
2531,-258
2532,-331
2533,-331
2534,54919
2535,9221
2536,-405
2537,26816
2538,27147
2539,32850
2540,17296
2541,27073
2542,9074
2543,54523
2544,17443
2545,-773
2546,32041
2547,9368
2548,13332
2549,9442
2550,35941
2551,13442
2552,37523
2553,-883
2554,-883
2555,35757
2556,0
2557,17406
2558,37082
2559,-736
2560,17406
2561,-221
2562,17516
2563,52885
2564,17774
2565,-331
2566,54919
2567,-515
2568,9148
2569,-515
2570,32004
2571,32372
2572,32666
2573,56254
2574,27036
2575,-773
2576,-773
2577,32813
2578,9368
2579,17590
2580,9736
2581,37119
2582,19904
2583,-368
2584,27257
2585,-478
2586,38259
2587,-110
2588,19978
2589,54919
2590,32740
2591,-37
2592,-662
2593,9111
2594,9184
2595,37045
2596,32225
2597,32335
2598,13553
2599,9368
2600,-441
2601,-846
2602,-441
2603,9405
2604,32592
2605,52885
2606,27441
2607,-331
2608,26963
2609,26742
2610,-37
2611,32225
2612,54919
2613,-110
2614,32850
2615,-147
2616,9699
2617,9148
2618,13626
2619,52811
2620,9184
2621,9111
2622,32335
2623,9258
2624,-294
2625,-294
2626,56037
2627,56037
2628,32813
2629,-74
2630,-74
2631,0
2632,0
2633,-441
2634,13590
2635,27294
2636,-478
2637,-552
2638,9663
2639,-258
2640,32482
2641,26705
2642,19941
2643,9221
2644,13185
2645,27000
2646,32445
2647,54845
2648,9589
2649,32445
2650,17627
2651,-74
2652,37707
2653,54739
2654,-589
2655,-589
2656,-589
2657,-736
2658,26668
2659,9332
2660,37670
2661,26632
2662,-331
2663,-552
2664,26632
2665,54919
2666,54919
2667,54919
2668,13185
2669,-147
2670,27331
2671,9515
2672,52774
2673,54073
2674,21738
2675,21774
2676,21995
2677,54073
2678,32077
2679,32666
2680,21259
2681,21296
2682,21370
2683,32813
2684,21517
2685,55555
2686,54183
2687,32151
2688,21848
2689,52958
2690,13295
2691,54146
2692,21701
2693,13847
2694,52811
2695,21591
2696,13847
2697,13737
2698,13737
2699,17774
2700,17737
2701,13773
2702,51623
2703,51550
2704,26852
2705,17627
2706,51623
2707,37272
2708,17406
2709,17884
2710,13626
2711,13847
2712,9442
2713,9552
2714,26926
2715,27257
2716,21407
2717,13553
2718,26632
2719,26668
2720,26742
2721,13258
2722,5515
2723,36751
2724,37229
2725,26779
2726,27000
2727,21333
2728,21885
2729,17333
2730,4963
2731,5037
2732,5589
2733,32041
2734,21627
2735,22069
2736,17443
2737,5000
2738,21370
2739,21811
2740,13185
2741,9368
2742,4963
2743,13810
2744,35610
2745,27183
2746,27183
2747,17590
2748,17737
2749,17811
2750,27478
2751,21407
2752,21480
2753,21774
2754,21848
2755,13553
2756,-773
2757,32041
2758,9626
2759,9442
2760,13847
2761,-258
2762,38002
2763,54919
2764,54919
2765,32666
2766,-110
2767,-662
2768,9479
2769,32776
2770,13626
2771,27073
2772,9258
2773,-294
2774,9295
2775,-184
2776,56037
2777,37928
2778,-883
2779,13590
2780,9332
2781,26668
2782,-258
2783,38002
2784,-258
2785,-552
2786,54919
2787,32114
2788,-405
2789,32850
2790,-147
2791,-405
2792,-405
2793,36751
2794,27404
2795,9184
2796,9148
2797,-515
2798,9442
2799,9442
2800,9736
2801,35794
2802,19610
2803,-883
2804,-589
2805,32188
2806,32188
2807,19537
2808,35831
2809,36125
2810,17884
2811,17553
2812,-478
2813,-478
2814,27367
2815,-258
2816,-258
2817,-110
2818,9515
2819,54919
2820,-405
2821,32850
2822,-147
2823,54523
2824,9479
2825,17296
2826,17700
2827,38296
2828,32703
2829,32703
2830,-883
2831,17958
2832,32887
2833,-368
2834,27294
2835,-221
2836,36015
2837,9663
2838,35978
2839,54919
2840,-37
2841,-110
2842,21701
2843,32740
2844,32261
2845,9258
2846,37486
2847,32409
2848,36272
2849,9295
2850,-184
2851,38185
2852,13442
2853,-625
2854,-883
2855,0
2856,-846
2857,17333
2858,9405
2859,17333
2860,52848
2861,19389
2862,32298
2863,17848
2864,54919
2865,-37
2866,26742
2867,32225
2868,21811
2869,-809
2870,13773
2871,17369
2872,13773
2873,27367
2874,9148
2875,21480
2876,19757
2877,-184
2878,27478
2879,17627
2880,13295
2881,32077
2882,-74
2883,-74
2884,13553
2885,13332
2886,-625
2887,17590
2888,9736
2889,0
2890,-736
2891,17406
2892,32887
2893,37634
2894,9405
2895,13369
2896,17553
2897,26595
2898,17774
2899,26963
2900,32004
2901,54919
2902,26779
2903,13185
2904,32225
2905,13185
2906,-37
2907,-37
2908,-110
2909,37560
2910,9699
2911,27073
2912,17296
2913,-699
2914,27110
2915,-294
2916,32519
2917,9442
2918,17737
2919,13442
2920,36383
2921,32703
2922,-625
2923,26889
2924,37634
2925,-846
2926,-478
2927,9589
2928,32372
2929,-699
2930,-699
2931,54882
2932,26816
2933,37560
2934,-405
2935,21738
2936,9479
2937,54882
2938,32409
2939,9295
2940,9295
2941,32519
2942,32151
2943,17443
2944,9368
2945,37523
2946,-883
2947,32188
2948,32887
2949,-441
2950,54845
2951,9332
2952,-331
2953,54919
2954,32666
2955,-699
2956,32556
2957,-37
2958,54919
2959,13737
2960,17811
2961,32445
2962,13847
2963,54257
2964,21480
2965,13295
2966,32409
2967,32703
2968,54257
2969,21333
2970,21407
2971,21885
2972,13663
2973,32556
2974,32629
2975,13626
2976,13737
2977,32887
2978,21701
2979,21701
2980,55518
2981,13737
2982,13773
2983,13332
2984,21186
2985,13847
2986,51476
2987,-184
2988,17590
2989,-37
2990,51513
2991,51623
2992,17369
2993,17958
2994,37781
2995,37781
2996,38075
2997,52922
2998,-736
2999,17553
3000,-699
3001,13810
3002,5184
3003,35573
3004,32703
3005,27404
3006,21591
3007,21627
3008,21885
3009,17774
3010,5478
3011,54882
3012,36603
3013,27000
3014,21443
3015,21591
3016,13737
3017,5294
3018,32188
3019,32813
3020,27147
3021,21885
3022,21995
3023,13810
3024,9479
3025,54956
3026,32004
3027,32335
3028,21370
3029,17774
3030,9258
3031,5257
3032,5294
3033,5478
3034,27478
3035,32740
3036,26632
3037,26705
3038,26889
3039,21296
3040,21848
3041,17296
3042,13369
3043,9258
3044,4963
3045,5221
3046,5331
3047,13737
3048,9442
3049,5037
3050,5110
3051,5589
3052,32261
3053,26595
3054,26668
3055,27441
3056,21811
3057,21848
3058,17884
3059,5515
3060,35684
3061,21701
3062,13295
3063,21458
3064,42454
3065,22620
3066,41166
3067,26576
3068,23687
3069,27911
3070,42601
3071,22546
3072,96769
3073,21789
3074,21973
3075,21752
3076,27478
3077,23135
3078,96696
3079,95960
3080,40431
3081,23503
3082,23319
3083,59860
3084,27694
3085,24570
3086,21642
3087,21347
3088,21678
3089,22010
3090,59419
3091,26576
3092,27911
3093,77377
3094,59345
3095,22362
3096,78076
3097,26612
3098,21973
3099,26576
3100,22509
3101,23907
3102,26539
3103,94488
3104,27694
3105,27694
3106,76346
3107,95592
3108,42969
3109,96217
3110,21789
3111,21678
3112,41056
3113,28343
3114,41939
3115,77413
3116,57947
3117,39989
3118,24018
3119,23834
3120,94157
3121,21715
3122,42822
3123,26576
3124,26143
3125,58168
3126,78922
3127,59897
3128,76457
3129,78039
3130,24606
3131,40872
3132,41829
3133,21826
3134,77892
3135,26576
3136,27911
3137,40614
3138,26143
3139,26143
3140,26143
3141,24239
3142,59308
3143,60743
3144,28306
3145,57984
3146,22804
3147,17374
3148,42638
3149,41130
3150,40982
3151,94010
3152,21789
3153,21347
3154,22083
3155,26576
3156,95261
3157,24938
3158,58977
3159,28127
3160,60780
3161,27694
3162,24643
3163,77009
3164,25963
3165,95555
3166,75942
3167,42344
3168,59970
3169,60338
3170,22657
3171,21337
3172,13152
3173,17079
3174,17227
3175,9115
3176,27694
3177,27694
3178,26576
3179,26576
3180,9336
3181,21595
3182,21852
3183,13557
3184,21789
3185,22436
3186,26576
3187,60302
3188,95813
3189,78296
3190,78149
3191,77634
3192,77708
3193,23466
3194,21642
3195,21494
3196,94415
3197,93936
3198,27911
3199,26143
3200,75979
3201,26612
3202,93900
3203,77965
3204,94709
3205,21642
3206,21605
3207,21384
3208,21862
3209,21973
3210,21274
3211,22083
3212,26576
3213,22583
3214,23208
3215,26502
3216,26539
3217,21264
3218,58536
3219,24496
3220,43006
3221,4784
3222,21936
3223,21715
3224,7033
3225,41424
3226,27911
3227,58756
3228,26539
3229,96475
3230,22325
3231,76089
3232,21531
3233,21311
3234,60596
3235,78811
3236,59603
3237,27694
3238,25963
3239,96070
3240,95371
3241,21826
3242,21936
3243,77928
3244,78002
3245,26576
3246,26143
3247,22914
3248,26180
3249,13300
3250,24275
3251,96732
3252,24680
3253,26612
3254,9152
3255,22010
3256,21899
3257,21715
3258,27478
3259,9325
3260,26143
3261,28127
3262,76641
3263,78223
3264,95151
3265,41608
3266,78370
3267,94304
3268,24754
3269,21642
3270,21605
3271,21311
3272,60081
3273,27478
3274,78443
3275,59455
3276,94672
3277,26576
3278,26576
3279,26576
3280,95886
3281,26502
3282,78554
3283,96806
3284,23061
3285,13042
3286,24864
3287,27694
3288,28776
3289,21448
3290,17300
3291,13079
3292,8858
3293,5372
3294,17263
3295,28127
3296,13336
3297,9299
3298,9483
3299,13410
3300,5004
3301,26539
3302,26576
3303,21705
3304,22046
3305,94635
3306,27478
3307,26576
3308,26576
3309,78701
3310,41093
3311,26539
3312,40026
3313,75905
3314,40578
3315,27694
3316,17631
3317,25963
3318,22693
3319,94819
3320,21384
3321,22010
3322,21274
3323,27478
3324,23024
3325,26576
3326,26576
3327,26576
3328,94120
3329,77524
3330,5299
3331,58793
3332,25963
3333,21678
3334,21237
3335,26576
3336,26576
3337,27911
3338,22988
3339,41240
3340,24202
3341,77781
3342,27694
3343,26612
3344,59271
3345,23098
3346,21494
3347,21494
3348,21237
3349,22142
3350,26576
3351,24312
3352,78407
3353,26143
3354,96622
3355,76898
3356,22473
3357,26180
3358,23797
3359,26612
3360,59529
3361,78627
3362,21494
3363,21678
3364,21752
3365,8931
3366,26576
3367,95850
3368,58278
3369,40688
3370,27694
3371,94047
3372,94231
3373,78738
3374,76052
3375,21862
3376,21973
3377,21274
3378,41571
3379,26502
3380,58830
3381,41350
3382,96512
3383,26180
3384,58867
3385,60449
3386,77560
3387,77487
3388,78885
3389,76567
3390,21826
3391,40283
3392,26576
3393,24790
3394,28956
3395,60706
3396,58131
3397,25963
3398,42233
3399,94856
3400,21605
3401,21384
3402,22083
3403,21568
3404,21568
3405,27478
3406,42528
3407,95298
3408,26502
3409,40762
3410,42417
3411,17116
3412,59823
3413,27694
3414,26143
3415,27694
3416,26502
3417,26576
3418,17742
3419,26539
3420,17484
3421,4747
3422,4931
3423,-589
3424,21668
3425,13447
3426,-589
3427,21642
3428,21384
3429,21347
3430,21862
3431,21311
3432,21274
3433,21274
3434,94599
3435,41902
3436,26143
3437,59161
3438,4820
3439,96880
3440,27694
3441,27694
3442,25963
3443,41718
3444,24717
3445,78480
3446,21347
3447,95629
3448,27694
3449,27694
3450,59639
3451,28992
3452,76310
3453,40357
3454,21973
3455,21531
3456,93973
3457,26576
3458,26576
3459,26576
3460,26502
3461,26502
3462,26502
3463,41645
3464,22068
3465,42270
3466,95077
3467,29425
3468,95482
3469,25048
3470,21642
3471,21973
3472,21936
3473,58425
3474,27911
3475,26180
3476,41019
3477,23282
3478,58388
3479,94783
3480,42859
3481,13520
3482,21568
3483,26576
3484,26576
3485,26576
3486,24128
3487,28306
3488,28306
3489,77303
3490,29425
3491,21642
3492,21237
3493,22083
3494,21568
3495,77855
3496,60228
3497,22289
3498,77082
3499,24827
3500,60927
3501,22215
3502,60817
3503,77671
3504,21494
3505,21605
3506,21458
3507,21862
3508,40173
3509,76678
3510,8892
3511,26143
3512,26143
3513,42307
3514,41387
3515,28127
3516,96659
3517,27694
3518,60154
3519,58646
3520,58720
3521,95114
3522,26612
3523,96585
3524,21384
3525,21237
3526,21237
3527,21531
3528,17153
3529,96328
3530,95224
3531,9409
3532,26539
3533,76530
3534,60669
3535,29425
3536,22877
3537,78848
3538,-17840
3539,21816
3540,5262
3541,27478
3542,17190
3543,17558
3544,5225
3545,28127
3546,13116
3547,9262
3548,13189
3549,27478
3550,21301
3551,21347
3552,22046
3553,21678
3554,21752
3555,42712
3556,59566
3557,26576
3558,26576
3559,58352
3560,23172
3561,41792
3562,24422
3563,26180
3564,26180
3565,41976
3566,40099
3567,42491
3568,23613
3569,24091
3570,95923
3571,95445
3572,26612
3573,17410
3574,26576
3575,95408
3576,41461
3577,26539
3578,23760
3579,42785
3580,21458
3581,21384
3582,22046
3583,21826
3584,21311
3585,22010
3586,21421
3587,23871
3588,26576
3589,60412
3590,27911
3591,58904
3592,26539
3593,26539
3594,22252
3595,24349
3596,21531
3597,27478
3598,42160
3599,26576
3600,42380
3601,60890
3602,40835
3603,78591
3604,77193
3605,76199
3606,21742
3607,24386
3608,22767
3609,21605
3610,21605
3611,21826
3612,26576
3613,76972
3614,77744
3615,60191
3616,21642
3617,21862
3618,21237
3619,21237
3620,21936
3621,26576
3622,26576
3623,23650
3624,27911
3625,58241
3626,58057
3627,26539
3628,95518
3629,60118
3630,59051
3631,27694
3632,77229
3633,21494
3634,21605
3635,22046
3636,21311
3637,21421
3638,21274
3639,60633
3640,26576
3641,26576
3642,94194
3643,21227
3644,76236
3645,25963
3646,40909
3647,29425
3648,21789
3649,21311
3650,22010
3651,26576
3652,27911
3653,58683
3654,40798
3655,5078
3656,41203
3657,94930
3658,27694
3659,58205
3660,29388
3661,21374
3662,17705
3663,9446
3664,13631
3665,9520
3666,27478
3667,26576
3668,26576
3669,5115
3670,17447
3671,4857
3672,21190
3673,22083
3674,22083
3675,41314
3676,78112
3677,26612
3678,21347
3679,21237
3680,21568
3681,21568
3682,95776
3683,95702
3684,26502
3685,26502
3686,27911
3687,96181
3688,26143
3689,58021
3690,76714
3691,25963
3692,29425
3693,78664
3694,23429
3695,22083
3696,40467
3697,42013
3698,26576
3699,94268
3700,9189
3701,22105
3702,94084
3703,23356
3704,23245
3705,95187
3706,40320
3707,21347
3708,21862
3709,21973
3710,21531
3711,21899
3712,27478
3713,26576
3714,40651
3715,94378
3716,76383
3717,27911
3718,26143
3719,42123
3720,25963
3721,22046
3722,96365
3723,26576
3724,42196
3725,42564
3726,96438
3727,5041
3728,60007
3729,25963
3730,42748
3731,21789
3732,21678
3733,21826
3734,42049
3735,26576
3736,26143
3737,95666
3738,21521
3739,78775
3740,26612
3741,22010
3742,27478
3743,26576
3744,26502
3745,94562
3746,95003
3747,27694
3748,21384
3749,21274
3750,21899
3751,26576
3752,26576
3753,77266
3754,60559
3755,13005
3756,26612
3757,-589
3758,21779
3759,9078
3760,26502
3761,21632
3762,9042
3763,13373
3764,9226
3765,4968
3766,4894
3767,5335
3768,-589
3769,17521
3770,13594
3771,28306
3772,26502
3773,8968
3774,5188
3775,-589
3776,21494
3777,21311
3778,21899
3779,21899
3780,23576
3781,94893
3782,26502
3783,24459
3784,59713
3785,77156
3786,26612
3787,21274
3788,77340
3789,76861
3790,26576
3791,26576
3792,96033
3793,59235
3794,27911
3795,76935
3796,59492
3797,23944
3798,27694
3799,25963
3800,76751
3801,21826
3802,21936
3803,26143
3804,42086
3805,21485
3806,77045
3807,40136
3808,59750
3809,93863
3810,27694
3811,60522
3812,25963
3813,78517
3814,21752
3815,21899
3816,40063
3817,26576
3818,26576
3819,26143
3820,40946
3821,78333
3822,21347
3823,21973
3824,21531
3825,21568
3826,94525
3827,76273
3828,41865
3829,60375
3830,60853
3831,26143
3832,42895
3833,59124
3834,41681
3835,26180
3836,60485
3837,23540
3838,22841
3839,25963
3840,42675
3841,22010
3842,22083
3843,26576
3844,40541
3845,22730
3846,94341
3847,26539
3848,40210
3849,60964
3850,27694
3851,76162
3852,21862
3853,21752
3854,21752
3855,21311
3856,21899
3857,21715
3858,27478
3859,26576
3860,94451
3861,26143
3862,24901
3863,76788
3864,96107
3865,59786
3866,8894
3867,41497
3868,23723
3869,76126
3870,21384
3871,21678
3872,21899
3873,96254
3874,27478
3875,58315
3876,26576
3877,59676
3878,58499
3879,24055
3880,76604
3881,40247
3882,40394
3883,27694
3884,21558
3885,17337
3886,17594
3887,27694
3888,21411
3889,12969
3890,26576
3891,17668
3892,5151
3893,27694
3894,13226
3895,13484
3896,9005
3897,28306
3898,21458
3899,21531
3900,21936
3901,21936
3902,21568
3903,21715
3904,95040
3905,58940
3906,27911
3907,94967
3908,58462
3909,76420
3910,25963
3911,23392
3912,77818
3913,22046
3914,21862
3915,21531
3916,27478
3917,27478
3918,26576
3919,77597
3920,76494
3921,58094
3922,77450
3923,95334
3924,22951
3925,58609
3926,21789
3927,21789
3928,26576
3929,26576
3930,26576
3931,60265
3932,96843
3933,41277
3934,26180
3935,24533
3936,23981
3937,21494
3938,22046
3939,21715
3940,24165
3941,26576
3942,26576
3943,59382
3944,27911
3945,22178
3946,27694
3947,22031
3948,26612
3949,40504
3950,78259
3951,21826
3952,21752
3953,21752
3954,21715
3955,26576
3956,77119
3957,95997
3958,58572
3959,94746
3960,25963
3961,26612
3962,26612
3963,40725
3964,21605
3965,21421
3966,21715
3967,60044
3968,26539
3969,26539
3970,96291
3971,41755
3972,76015
3973,27694
3974,78186
3975,21678
3976,22010
3977,21936
3978,96401
3979,25011
3980,22399
3981,26539
3982,42932
3983,27694
3984,26612
3985,96549
3986,59087
3987,59934
3988,27694
3989,22046
3990,21531
3991,95739
3992,26576
3993,26576
3994,96144
3995,59198
3996,26502
3997,76825
3998,24974
3999,59014
4000,13263
4001,41534
4002,29425
4003,5409
4004,9373
4005,7715
4006,26180
4007,7053
4008,25747
4009,27906
4010,930
4011,7200
4012,6501
4013,7237
4014,6501
4015,7715
4016,6244
4017,7789
4018,7348
4019,7311
4020,5986
4021,6906
4022,1077
4023,26829
4024,7495
4025,7053
4026,19249
4027,433
4028,7568
4029,7016
4030,7789
4031,6980
4032,5766
4033,6943
4034,5692
4035,27649
4036,6832
4037,7531
4038,5986
4039,7495
4040,6391
4041,6796
4042,7311
4043,5802
4044,6023
4045,6207
4046,6428
4047,25747
4048,6391
4049,6023
4050,6685
4051,26180
4052,7568
4053,6796
4054,7605
4055,25747
4056,6869
4057,7752
4058,6634
4059,6869
4060,6869
4061,6133
4062,396
4063,396
4064,7752
4065,7053
4066,26898
4067,6685
4068,7384
4069,7642
4070,6575
4071,26180
4072,6832
4073,857
4074,7568
4075,19639
4076,7715
4077,6428
4078,7016
4079,26829
4080,7531
4081,7752
4082,19712
4083,7311
4084,5729
4085,710
4086,6575
4087,6391
4088,28053
4089,-16818
4090,27943
4091,7421
4092,7384
4093,-6365
4094,6943
4095,6943
4096,6281
4097,-6149
4098,6906
4099,6023
4100,6538
4101,6648
4102,7053
4103,7495
4104,7715
4105,7495
4106,7605
4107,7715
4108,7458
4109,1082
4110,7274
4111,7348
4112,6133
4113,6685
4114,26396
4115,6060
4116,6207
4117,6796
4118,20080
4119,6538
4120,6354
4121,6980
4122,7311
4123,7311
4124,7458
4125,433
4126,6906
4127,6575
4128,6465
4129,6465
4130,1298
4131,7715
4132,7348
4133,7348
4134,6685
4135,746
4136,7311
4137,7458
4138,5729
4139,7679
4140,6060
4141,7531
4142,7495
4143,7495
4144,5949
4145,7053
4146,5766
4147,7752
4148,7752
4149,5692
4150,562
4151,7458
4152,7458
4153,6501
4154,7200
4155,7458
4156,5913
4157,6244
4158,7531
4159,19786
4160,27759
4161,6465
4162,6170
4163,7348
4164,25747
4165,5802
4166,7568
4167,6980
4168,6465
4169,7642
4170,6538
4171,5949
4172,7568
4173,7274
4174,25963
4175,7274
4176,6759
4177,7200
4178,6023
4179,6685
4180,6832
4181,6612
4182,7348
4183,7752
4184,7531
4185,7715
4186,6722
4187,6722
4188,7311
4189,6796
4190,6906
4191,7016
4192,7495
4193,6796
4194,6869
4195,5766
4196,6391
4197,27428
4198,7789
4199,7679
4200,6722
4201,6685
4202,7531
4203,7679
4204,6281
4205,6354
4206,7384
4207,7200
4208,7458
4209,5692
4210,6796
4211,5876
4212,27244
4213,20117
4214,5949
4215,7789
4216,26180
4217,7789
4218,6722
4219,6906
4220,7789
4221,7384
4222,7679
4223,7715
4224,7789
4225,28017
4226,7016
4227,27980
4228,6207
4229,26829
4230,26829
4231,415
4232,7421
4233,7495
4234,19896
4235,7605
4236,6722
4237,7752
4238,19249
4239,19249
4240,7458
4241,27612
4242,-5932
4243,27685
4244,-16818
4245,5949
4246,7421
4247,19070
4248,7789
4249,6685
4250,7311
4251,7495
4252,359
4253,5692
4254,6796
4255,28127
4256,6133
4257,7384
4258,7642
4259,1082
4260,6869
4261,6906
4262,7384
4263,7715
4264,7458
4265,7679
4266,26180
4267,7016
4268,6648
4269,27538
4270,7715
4271,7789
4272,6317
4273,396
4274,19455
4275,6281
4276,6354
4277,20007
4278,6170
4279,7752
4280,5802
4281,7458
4282,7200
4283,7458
4284,5729
4285,6060
4286,6317
4287,415
4288,7642
4289,1004
4290,5986
4291,1261
4292,7311
4293,19249
4294,-16818
4295,6023
4296,7715
4297,6796
4298,7642
4299,6538
4300,6943
4301,7053
4302,7605
4303,5766
4304,6354
4305,6170
4306,7752
4307,6980
4308,5802
4309,7752
4310,5913
4311,7384
4312,7200
4313,7053
4314,7642
4315,26829
4316,1082
4317,6832
4318,7164
4319,7568
4320,7679
4321,7200
4322,7752
4323,25963
4324,26180
4325,5913
4326,359
4327,6281
4328,7384
4329,7679
4330,7016
4331,25747
4332,7679
4333,6759
4334,6980
4335,6023
4336,28127
4337,7568
4338,7053
4339,6023
4340,7384
4341,6906
4342,7752
4343,26612
4344,6796
4345,5729
4346,1151
4347,5949
4348,5949
4349,5839
4350,6832
4351,6501
4352,7789
4353,26396
4354,6722
4355,28127
4356,6980
4357,6869
4358,6796
4359,6869
4360,5876
4361,6428
4362,7495
4363,359
4364,5913
4365,27869
4366,526
4367,7679
4368,7348
4369,26612
4370,20228
4371,7642
4372,6281
4373,7495
4374,6759
4375,27722
4376,6685
4377,6722
4378,6832
4379,6685
4380,6685
4381,7458
4382,5729
4383,1082
4384,7384
4385,5913
4386,6906
4387,6501
4388,27281
4389,27538
4390,28090
4391,27501
4392,27980
4393,27575
4394,27722
4395,27207
4396,27906
4397,7421
4398,-16169
4399,-6365
4400,19070
4401,6943
4402,-16169
4403,26612
4404,6796
4405,7090
4406,7495
4407,6428
4408,7568
4409,25747
4410,6685
4411,7016
4412,7679
4413,7605
4414,7789
4415,7053
4416,7568
4417,7568
4418,7752
4419,-16169
4420,7531
4421,6832
4422,6612
4423,6244
4424,7789
4425,6207
4426,6133
4427,7531
4428,6759
4429,26180
4430,27318
4431,7605
4432,26180
4433,7605
4434,6722
4435,6832
4436,27943
4437,7384
4438,6465
4439,7715
4440,7715
4441,27045
4442,6796
4443,6133
4444,7642
4445,6281
4446,7495
4447,19249
4448,7752
4449,7568
4450,7568
4451,7568
4452,7200
4453,7568
4454,6906
4455,5876
4456,6648
4457,26396
4458,6060
4459,893
4460,6244
4461,636
4462,26829
4463,26180
4464,7127
4465,6097
4466,6832
4467,27501
4468,6832
4469,19749
4470,6906
4471,7789
4472,7495
4473,26180
4474,7311
4475,6906
4476,7384
4477,7679
4478,7016
4479,6133
4480,396
4481,1114
4482,25963
4483,452
4484,7016
4485,26829
4486,1041
4487,7568
4488,7642
4489,6354
4490,6759
4491,6391
4492,7568
4493,7053
4494,7348
4495,5766
4496,7642
4497,27640
4498,6648
4499,5949
4500,5692
4501,6170
4502,599
4503,5839
4504,27685
4505,6281
4506,6060
4507,6575
4508,7348
4509,967
4510,562
4511,5692
4512,26180
4513,6465
4514,7531
4515,6906
4516,6980
4517,7348
4518,6648
4519,6207
4520,6060
4521,6648
4522,6612
4523,7200
4524,7752
4525,26180
4526,5839
4527,6906
4528,5766
4529,6832
4530,359
4531,6575
4532,1261
4533,6869
4534,6832
4535,433
4536,26180
4537,7679
4538,7679
4539,7715
4540,6428
4541,6428
4542,7016
4543,396
4544,7348
4545,6207
4546,6207
4547,26829
4548,27575
4549,20338
4550,7531
4551,7053
4552,6722
4553,6685
4554,1082
4555,6391
4556,6391
4557,27318
4558,27465
4559,-16818
4560,28017
4561,6943
4562,6943
4563,6943
4564,-16169
4565,25747
4566,-6149
4567,7053
4568,6317
4569,6354
4570,7016
4571,7311
4572,7458
4573,7679
4574,7752
4575,216
4576,6575
4577,6612
4578,7789
4579,7679
4580,7715
4581,25747
4582,7348
4583,27354
4584,6796
4585,6133
4586,6133
4587,7642
4588,6869
4589,6722
4590,6832
4591,5876
4592,7679
4593,6648
4594,6612
4595,6244
4596,6244
4597,7789
4598,7642
4599,7642
4600,5839
4601,6759
4602,7127
4603,7605
4604,1114
4605,7274
4606,6685
4607,6832
4608,7384
4609,7200
4610,7568
4611,7200
4612,6648
4613,6612
4614,7016
4615,7348
4616,7421
4617,7495
4618,7053
4619,6685
4620,6980
4621,7311
4622,6391
4623,27008
4624,26180
4625,6869
4626,396
4627,7605
4628,25747
4629,6722
4630,7090
4631,7053
4632,6465
4633,6317
4634,7421
4635,6317
4636,6575
4637,396
4638,5876
4639,6906
4640,26180
4641,7679
4642,7531
4643,27281
4644,1298
4645,6980
4646,19860
4647,-16169
4648,7348
4649,6207
4650,5913
4651,6612
4652,599
4653,7605
4654,7789
4655,7384
4656,6060
4657,6465
4658,7384
4659,6796
4660,6428
4661,7715
4662,5766
4663,5729
4664,7200
4665,6759
4666,19602
4667,7531
4668,7679
4669,7164
4670,26180
4671,28090
4672,26180
4673,26180
4674,7715
4675,26180
4676,6428
4677,6980
4678,6759
4679,6796
4680,26180
4681,6869
4682,783
4683,433
4684,7348
4685,7605
4686,19249
4687,6685
4688,7715
4689,26180
4690,6648
4691,26612
4692,10876
4693,5839
4694,7495
4695,6869
4696,7053
4697,19970
4698,6685
4699,7311
4700,6685
4701,7200
4702,6501
4703,6023
4704,27391
4705,-5932
4706,7311
4707,6685
4708,27244
4709,6943
4710,7605
4711,-6365
4712,-6365
4713,7495
4714,6943
4715,26180
4716,7715
4717,7016
4718,7311
4719,7568
4720,7605
4721,7605
4722,216
4723,5839
4724,6832
4725,7311
4726,7531
4727,6685
4728,7200
4729,7531
4730,7752
4731,5802
4732,7200
4733,7605
4734,7679
4735,6869
4736,6906
4737,7752
4738,396
4739,6869
4740,26396
4741,26396
4742,6317
4743,7164
4744,359
4745,6759
4746,6869
4747,6943
4748,7752
4749,746
4750,6722
4751,7384
4752,6501
4753,6575
4754,7679
4755,26396
4756,7642
4757,5839
4758,7531
4759,7531
4760,7495
4761,27391
4762,6170
4763,7605
4764,6354
4765,6722
4766,433
4767,7458
4768,5913
4769,6906
4770,7715
4771,7016
4772,7642
4773,25963
4774,6869
4775,26180
4776,6943
4777,26180
4778,7752
4779,7568
4780,5876
4781,5802
4782,7053
4783,7642
4784,7384
4785,1082
4786,6832
4787,7495
4788,6133
4789,7200
4790,5692
4791,26180
4792,19823
4793,5986
4794,820
4795,7053
4796,6685
4797,5913
4798,7752
4799,6832
4800,6980
4801,6832
4802,7016
4803,20154
4804,7311
4805,7752
4806,1004
4807,7016
4808,1082
4809,6538
4810,6207
4811,6354
4812,20264
4813,7200
4814,6796
4815,7605
4816,6869
4817,7127
4818,6060
4819,27207
4820,433
4821,7531
4822,7053
4823,5802
4824,7348
4825,7348
4826,26180
4827,6906
4828,7715
4829,7715
4830,6060
4831,26180
4832,7311
4833,6612
4834,20301
4835,7495
4836,6869
4837,6281
4838,6391
4839,7679
4840,27612
4841,7789
4842,6317
4843,0
4844,1151
4845,19492
4846,7531
4847,6869
4848,433
4849,7200
4850,6906
4851,5876
4852,6501
4853,-5932
4854,27428
4855,6943
4856,27354
4857,27759
4858,6759
4859,7421
4860,7421
4861,7421
4862,7421
4863,7421
4864,7568
4865,6943
4866,6943
4867,6943
4868,-6149
4869,7642
4870,6244
4871,6796
4872,7016
4873,7531
4874,7715
4875,7789
4876,7384
4877,7458
4878,6796
4879,6869
4880,7531
4881,7642
4882,6391
4883,6832
4884,6906
4885,359
4886,396
4887,7200
4888,7679
4889,6612
4890,6317
4891,6796
4892,6354
4893,6869
4894,5986
4895,6597
4896,6707
4897,7568
4898,7200
4899,7384
4900,7200
4901,6906
4902,6906
4903,27465
4904,7789
4905,7016
4906,7016
4907,6538
4908,7531
4909,6759
4910,1225
4911,7605
4912,7053
4913,7311
4914,6685
4915,1082
4916,7568
4917,7458
4918,6465
4919,7715
4920,6317
4921,1188
4922,7531
4923,7495
4924,6170
4925,7605
4926,7053
4927,6170
4928,7053
4929,28053
4930,7311
4931,5986
4932,25747
4933,7384
4934,7200
4935,7200
4936,6575
4937,6906
4938,396
4939,6685
4940,7348
4941,7605
4942,6759
4943,7568
4944,6133
4945,7715
4946,7605
4947,6759
4948,396
4949,6428
4950,6980
4951,7605
4952,433
4953,19070
4954,6538
4955,7311
4956,6428
4957,20191
4958,7311
4959,1082
4960,783
4961,7016
4962,5692
4963,7789
4964,5729
4965,6759
4966,19529
4967,6759
4968,25747
4969,5692
4970,6575
4971,6980
4972,7605
4973,7789
4974,216
4975,6648
4976,26180
4977,19070
4978,19676
4979,5839
4980,820
4981,27640
4982,7531
4983,7679
4984,7090
4985,19070
4986,6869
4987,7642
4988,7348
4989,6170
4990,7200
4991,19933
4992,6501
4993,6391
4994,6612
4995,7495
4996,26935
4997,6759
4998,6317
4999,673
5000,6244
5001,6832
5002,6060
5003,7752
5004,1082
5005,26180
5006,7495
5007,26396
5008,7715
5009,7789
5010,7016
5011,6796
5012,7421
5013,6759
5014,5949
5015,7311
5016,5802
5017,7384
5018,7458
5019,7458
5020,433
5021,7384
5022,5876
5023,-5932
5024,7311
5025,7348
5026,7752
5027,6832
5028,6906
5029,7311
5030,25963
5031,7200
5032,-6149
5033,7348
5034,7458
5035,396
5036,26971
5037,6832
5038,7348
5039,7531
5040,28127
5041,7016
5042,7789
5043,5913
5044,6501
5045,7348
5046,7568
5047,7642
5048,7789
5049,7016
5050,7605
5051,673
5052,6465
5053,6796
5054,6869
5055,6906
5056,5913
5057,216
5058,6317
5059,25963
5060,359
5061,6281
5062,7605
5063,5802
5064,6722
5065,6980
5066,6685
5067,5986
5068,7458
5069,7458
5070,7384
5071,7458
5072,6023
5073,6648
5074,26396
5075,6244
5076,6560
5077,7789
5078,7348
5079,26829
5080,7421
5081,7495
5082,26180
5083,6869
5084,7053
5085,26180
5086,7053
5087,5986
5088,6832
5089,7311
5090,6832
5091,7458
5092,7384
5093,20044
5094,6023
5095,7016
5096,26829
5097,7164
5098,5839
5099,7495
5100,7053
5101,5766
5102,6685
5103,5802
5104,5729
5105,6244
5106,19070
5107,7642
5108,19565
5109,5692
5110,7715
5111,6575
5112,6207
5113,7311
5114,26180
5115,7789
5116,5839
5117,7605
5118,19070
5119,6796
5120,7016
5121,6796
5122,7605
5123,6465
5124,26180
5125,6501
5126,7384
5127,7495
5128,6722
5129,6023
5130,7642
5131,489
5132,7531
5133,7016
5134,857
5135,26180
5136,6685
5137,1225
5138,7679
5139,7642
5140,7458
5141,7752
5142,6170
5143,6133
5144,5839
5145,6538
5146,7642
5147,1041
5148,7348
5149,6538
5150,6869
5151,5729
5152,6538
5153,27796
5154,7568
5155,5986
5156,6832
5157,6869
5158,6428
5159,6244
5160,26180
5161,6133
5162,6612
5163,7053
5164,6685
5165,7642
5166,6722
5167,7016
5168,-16169
5169,7531
5170,6796
5171,5876
5172,7752
5173,28127
5174,7458
5175,27833
5176,25963
5177,26180
5178,6869
5179,7053
5180,7311
5181,6980
5182,6670
5183,7568
5184,7458
5185,7200
5186,5876
5187,27649
5188,6943
5189,27833
5190,7421
5191,7421
5192,-6365
5193,19070
5194,6943
5195,7642
5196,7053
5197,-6149
5198,6906
5199,7384
5200,7752
5201,6207
5202,7274
5203,7384
5204,7752
5205,26971
5206,7531
5207,7568
5208,6832
5209,6906
5210,7200
5211,7715
5212,7642
5213,7789
5214,396
5215,6170
5216,6354
5217,10876
5218,28127
5219,7311
5220,7495
5221,26829
5222,5876
5223,4779
5224,5074
5225,4853
5226,5625
5227,11900
5228,5257
5229,5405
5230,4742
5231,4742
5232,4890
5233,5000
5234,4853
5235,-225
5236,12116
5237,5037
5238,5552
5239,5552
5240,4742
5241,5000
5242,4816
5243,5184
5244,4926
5245,4926
5246,5331
5247,5037
5248,4890
5249,4890
5250,-152
5251,5294
5252,5294
5253,5441
5254,5441
5255,5441
5256,5000
5257,-78
5258,-335
5259,5552
5260,-519
5261,5478
5262,5478
5263,5000
5264,4853
5265,5184
5266,5184
5267,5625
5268,5110
5269,4963
5270,5294
5271,5478
5272,4853
5273,4816
5274,5589
5275,4963
5276,5368
5277,5368
5278,5147
5279,5147
5280,5478
5281,5478
5282,5478
5283,143
5284,5184
5285,4926
5286,12116
5287,-115
5288,5257
5289,5257
5290,5368
5291,5368
5292,5221
5293,5074
5294,5074
5295,5074
5296,4816
5297,5625
5298,5589
5299,4926
5300,5110
5301,5110
5302,11034
5303,5552
5304,4853
5305,5221
5306,12116
5307,5000
5308,5589
5309,5257
5310,5331
5311,4926
5312,5074
5313,5625
5314,12116
5315,5257
5316,5625
5317,4890
5318,5110
5319,4779
5320,5037
5321,5441
5322,11467
5323,4853
5324,5000
5325,4890
5326,-519
5327,5294
5328,5441
5329,5000
5330,4853
5331,4816
5332,5589
5333,32
5334,4963
5335,4963
5336,5368
5337,5037
5338,4890
5339,4779
5340,11467
5341,11467
5342,5184
5343,4926
5344,69
5345,5331
5346,5331
5347,5515
5348,5257
5349,5257
5350,5257
5351,5221
5352,4742
5353,4890
5354,4779
5355,5441
5356,4926
5357,5110
5358,5037
5359,5221
5360,5221
5361,4890
5362,4890
5363,5478
5364,0
5365,5074
5366,5184
5367,5184
5368,5589
5369,4926
5370,4926
5371,5110
5372,4963
5373,5331
5374,5257
5375,5368
5376,5037
5377,5221
5378,4742
5379,4742
5380,4890
5381,5294
5382,5074
5383,4853
5384,5589
5385,5110
5386,-41
5387,4963
5388,11034
5389,5294
5390,5441
5391,5074
5392,5074
5393,5000
5394,5000
5395,4853
5396,5184
5397,5625
5398,12116
5399,4963
5400,-78
5401,5515
5402,5515
5403,5257
5404,12333
5405,5147
5406,5147
5407,5552
5408,5552
5409,216
5410,-593
5411,4779
5412,5074
5413,5000
5414,5000
5415,4816
5416,5625
5417,5110
5418,12116
5419,4963
5420,5331
5421,5331
5422,5515
5423,5515
5424,5257
5425,5257
5426,5368
5427,5037
5428,5552
5429,5552
5430,5552
5431,4890
5432,-556
5433,5478
5434,5074
5435,5074
5436,11467
5437,5589
5438,5110
5439,-667
5440,5221
5441,-409
5442,-4
5443,5331
5444,5368
5445,5625
5446,5037
5447,5294
5448,11467
5449,5552
5450,11467
5451,4742
5452,4926
5453,5221
5454,4779
5455,5441
5456,5478
5457,4816
5458,5625
5459,5625
5460,4963
5461,5221
5462,180
5463,4890
5464,5184
5465,5589
5466,5515
5467,5515
5468,5515
5469,5221
5470,5221
5471,5147
5472,4890
5473,4779
5474,5294
5475,5441
5476,4816
5477,5625
5478,5625
5479,4926
5480,5110
5481,5110
5482,5037
5483,5037
5484,5552
5485,5552
5486,5552
5487,4890
5488,4779
5489,5441
5490,5478
5491,5478
5492,5478
5493,4853
5494,5589
5495,106
5496,-41
5497,5331
5498,5257
5499,5257
5500,5368
5501,5368
5502,5147
5503,5552
5504,4742
5505,11251
5506,4779
5507,5294
5508,5000
5509,5000
5510,5000
5511,4853
5512,-4
5513,5625
5514,5110
5515,5110
5516,5257
5517,5368
5518,5037
5519,5037
5520,5147
5521,5147
5522,5441
5523,5441
5524,5478
5525,5074
5526,5074
5527,4926
5528,4926
5529,5331
5530,5515
5531,-483
5532,12333
5533,5221
5534,4742
5535,4742
5536,5441
5537,5074
5538,11467
5539,4816
5540,5589
5541,5589
5542,4926
5543,5110
5544,5110
5545,32
5546,5331
5547,5515
5548,5368
5549,-335
5550,5552
5551,4742
5552,4890
5553,11251
5554,4779
5555,11430
5556,5441
5557,5478
5558,5000
5559,5000
5560,11467
5561,11467
5562,5589
5563,5515
5564,5515
5565,5037
5566,5221
5567,5221
5568,5221
5569,11034
5570,-188
5571,4742
5572,12116
5573,5625
5574,5625
5575,4816
5576,5147
5577,4963
5578,5478
5579,5000
5580,5074
5581,5074
5582,5331
5583,11467
5584,5110
5585,5625
5586,4816
5587,5368
5588,4816
5589,4963
5590,5257
5591,4890
5592,5294
5593,5000
5594,4853
5595,4816
5596,4816
5597,-4
5598,5589
5599,12116
5600,5515
5601,5257
5602,12333
5603,5221
5604,5147
5605,-188
5606,5552
5607,4890
5608,-152
5609,4779
5610,5478
5611,0
5612,4853
5613,4853
5614,11467
5615,5625
5616,5221
5617,5147
5618,5147
5619,4890
5620,11467
5621,-115
5622,5037
5623,5037
5624,4890
5625,5441
5626,5074
5627,5184
5628,5110
5629,12116
5630,5515
5631,5037
5632,5552
5633,4742
5634,5478
5635,5110
5636,-41
5637,12333
5638,5221
5639,5221
5640,5552
5641,4742
5642,4742
5643,5074
5644,-630
5645,4816
5646,5625
5647,11900
5648,69
5649,5110
5650,4963
5651,5257
5652,5368
5653,5221
5654,5147
5655,4742
5656,4890
5657,4926
5658,4926
5659,5331
5660,5515
5661,5515
5662,5368
5663,-483
5664,5037
5665,5147
5666,5147
5667,11251
5668,4779
5669,11430
5670,5441
5671,5000
5672,5184
5673,5184
5674,5184
5675,5625
5676,5589
5677,4926
5678,5110
5679,5110
5680,4963
5681,4963
5682,4963
5683,5331
5684,5515
5685,12333
5686,5221
5687,11034
5688,5147
5689,5147
5690,11467
5691,5184
5692,5184
5693,5625
5694,4853
5695,4853
5696,5147
5697,5294
5698,5515
5699,4890
5700,5589
5701,5037
5702,5552
5703,4963
5704,5294
5705,5294
5706,4853
5707,4853
5708,-262
5709,11467
5710,4816
5711,5589
5712,5110
5713,5368
5714,5147
5715,5552
5716,4779
5717,5294
5718,5074
5719,5074
5720,5184
5721,5037
5722,5037
5723,0
5724,4853
5725,4853
5726,4816
5727,-225
5728,5589
5729,5147
5730,5147
5731,4742
5732,4742
5733,4890
5734,-152
5735,4779
5736,11430
5737,5478
5738,5000
5739,5589
5740,5589
5741,5589
5742,4926
5743,11900
5744,5110
5745,5110
5746,4963
5747,4963
5748,5515
5749,5074
5750,5000
5751,11467
5752,4816
5753,5184
5754,5589
5755,4926
5756,12116
5757,4963
5758,-78
5759,5515
5760,5257
5761,12333
5762,5221
5763,5147
5764,5552
5765,5294
5766,5294
5767,-556
5768,11430
5769,5441
5770,5000
5771,4853
5772,11467
5773,5184
5774,12116
5775,5257
5776,-667
5777,5221
5778,5552
5779,-409
5780,4779
5781,5294
5782,5478
5783,4853
5784,11467
5785,4816
5786,5184
5787,5625
5788,5589
5789,4926
5790,4926
5791,69
5792,5110
5793,5037
5794,4742
5795,4890
5796,11251
5797,5441
5798,5478
5799,5478
5800,-262
5801,-115
5802,5257
5803,5257
5804,5368
5805,4779
5806,5441
5807,5037
5808,4779
5809,4816
5810,5147
5811,5184
5812,5331
5813,5441
5814,5552
5815,11467
5816,5257
5817,5478
5818,5074
5819,4816
5820,5184
5821,5184
5822,5589
5823,5331
5824,5515
5825,5257
5826,5368
5827,5368
5828,5147
5829,5552
5830,-519
5831,5441
5832,5478
5833,0
5834,5074
5835,5000
5836,5625
5837,5589
5838,12116
5839,5221
5840,4890
5841,11251
5842,4779
5843,5441
5844,0
5845,5110
5846,4963
5847,4963
5848,5368
5849,5552
5850,4742
5851,4742
5852,4779
5853,5294
5854,5441
5855,5074
5856,4853
5857,4816
5858,5625
5859,4963
5860,5331
5861,-483
5862,216
5863,5441
5864,-299
5865,5000
5866,5000
5867,11467
5868,4816
5869,4816
5870,5625
5871,4926
5872,5110
5873,4963
5874,4963
5875,5331
5876,5331
5877,5257
5878,5368
5879,5037
5880,5037
5881,5147
5882,4890
5883,5294
5884,5294
5885,5441
5886,5478
5887,0
5888,-299
5889,11467
5890,4816
5891,4816
5892,-446
5893,5589
5894,5110
5895,5331
5896,5331
5897,5368
5898,5037
5899,5221
5900,5221
5901,180
5902,5074
5903,4853
5904,5625
5905,5110
5906,5331
5907,216
5908,4779
5909,5294
5910,5441
5911,5000
5912,4853
5913,11467
5914,11467
5915,5184
5916,5515
5917,5257
5918,5257
5919,4742
5920,11467
5921,0
5922,5478
5923,5074
5924,4779
5925,5331
5926,5515
5927,5589
5928,4963
5929,5037
5930,4779
5931,4816
5932,4926
5933,5368
5934,5184
5935,5441
5936,4742
5937,5110
5938,5294
5939,5552
5940,5074
5941,4779
5942,-556
5943,5074
5944,5074
5945,11467
5946,5625
5947,106
5948,5331
5949,5257
5950,5037
5951,5147
5952,5552
5953,4890
5954,4779
5955,5000
5956,11467
5957,5589
5958,4963
5959,4963
5960,4963
5961,5331
5962,5257
5963,5257
5964,5368
5965,5368
5966,-335
5967,5037
5968,5147
5969,-188
5970,4779
5971,5294
5972,5478
5973,5478
5974,143
5975,5000
5976,5184
5977,5589
5978,5368
5979,11251
5980,5294
5981,5441
5982,4853
5983,-630
5984,11467
5985,5110
5986,5331
5987,4779
5988,-299
5989,5000
5990,4816
5991,-446
5992,5625
5993,4926
5994,11900
5995,32
5996,5515
5997,-372
5998,-372
5999,5037
6000,11034
6001,5147
6002,4742
6003,4779
6004,4779
6005,5294
6006,5000
6007,4853
6008,-262
6009,11467
6010,4816
6011,5184
6012,5589
6013,4926
6014,4926
6015,5110
6016,5037
6017,5147
6018,5147
6019,4742
6020,4890
6021,4779
6022,4779
6023,5294
6024,4816
6025,5184
6026,4926
6027,5110
6028,5331
6029,5221
6030,180
6031,5294
6032,5074
6033,143
6034,4816
6035,4926
6036,11900
6037,5110
6038,5331
6039,5552
6040,11467
6041,11467
6042,5294
6043,12116
6044,11467
6045,5478
6046,4963
6047,5221
6048,5368
6049,4779
6050,4890
6051,5000
6052,5110
6053,4742
6054,5147
6055,4890
6056,5221
6057,5552
6058,5589
6059,5110
6060,5478
6061,12116
6062,5294
6063,5221
6064,5589
6065,11430
6066,5441
6067,5074
6068,5074
6069,-630
6070,4816
6071,-225
6072,5184
6073,5184
6074,5625
6075,4926
6076,5110
6077,106
6078,4963
6079,4963
6080,5515
6081,5368
6082,4742
6083,11251
6084,11430
6085,5074
6086,4853
6087,5625
6088,5515
6089,5515
6090,5221
6091,11034
6092,5552
6093,4742
6094,4890
6095,11430
6096,5441
6097,4816
6098,5184
6099,5625
6100,5589
6101,5110
6102,5331
6103,5515
6104,4742
6105,4890
6106,11467
6107,11467
6108,5184
6109,4926
6110,4963
6111,5515
6112,5257
6113,-372
6114,5368
6115,5147
6116,4742
6117,4779
6118,5294
6119,5441
6120,5331
6121,5331
6122,-667
6123,5037
6124,4742
6125,-593
6126,5478
6127,5478
6128,11467
6129,5184
6130,4926
6131,5110
6132,5331
6133,5368
6134,5368
6135,5221
6136,5147
6137,11251
6138,-593
6139,5294
6140,5294
6141,5000
6142,4853
6143,11467
6144,4816
6145,-446
6146,5625
6147,5625
6148,5589
6149,5110
6150,5515
6151,5257
6152,5257
6153,5037
6154,5037
6155,5221
6156,5552
6157,4890
6158,4890
6159,11251
6160,4779
6161,5441
6162,5441
6163,5478
6164,5000
6165,4853
6166,4853
6167,4853
6168,11467
6169,5625
6170,11900
6171,5368
6172,5405
6173,5552
6174,-409
6175,0
6176,11900
6177,11467
6178,5515
6179,4742
6180,5515
6181,4853
6182,5294
6183,5515
6184,11467
6185,5110
6186,5478
6187,4926
6188,12116
6189,5000
6190,5184
6191,-368
6192,-258
6193,31294
6194,36907
6195,10415
6196,36943
6197,30632
6198,-993
6199,5976
6200,12328
6201,-736
6202,-478
6203,-221
6204,-883
6205,-258
6206,31441
6207,-920
6208,31000
6209,37385
6210,6123
6211,6123
6212,31258
6213,-809
6214,31478
6215,45169
6216,-773
6217,11445
6218,-405
6219,-441
6220,30706
6221,31221
6222,6344
6223,45652
6224,-699
6225,31368
6226,-184
6227,36686
6228,36980
6229,6270
6230,-809
6231,-809
6232,45436
6233,37422
6234,10820
6235,50211
6236,-1030
6237,45684
6238,50100
6239,-441
6240,5755
6241,37458
6242,-736
6243,-110
6244,-883
6245,-883
6246,5571
6247,31074
6248,-368
6249,-74
6250,10562
6251,5534
6252,5865
6253,-920
6254,-920
6255,-920
6256,-920
6257,31331
6258,6123
6259,6160
6260,36980
6261,36980
6262,37430
6263,37430
6264,6307
6265,6307
6266,37647
6267,-147
6268,-147
6269,19987
6270,37238
6271,37238
6272,31589
6273,6380
6274,-1030
6275,-662
6276,36833
6277,30853
6278,5608
6279,-736
6280,-478
6281,37642
6282,-110
6283,45096
6284,-221
6285,-883
6286,-258
6287,45219
6288,45652
6289,6233
6290,31331
6291,6123
6292,31552
6293,45436
6294,45436
6295,6307
6296,-773
6297,6380
6298,36723
6299,36723
6300,-405
6301,-1030
6302,-441
6303,11776
6304,-37
6305,37532
6306,-589
6307,37790
6308,-368
6309,37569
6310,45219
6311,31221
6312,37826
6313,31441
6314,10231
6315,6160
6316,36686
6317,37606
6318,31552
6319,31184
6320,-809
6321,9900
6322,31110
6323,45169
6324,37647
6325,-110
6326,30816
6327,-331
6328,11666
6329,5939
6330,37716
6331,31331
6332,37274
6333,-515
6334,31258
6335,5902
6336,6491
6337,-441
6338,-441
6339,30926
6340,37311
6341,37495
6342,37495
6343,45133
6344,-920
6345,-920
6346,6417
6347,-515
6348,31552
6349,31552
6350,31147
6351,36907
6352,37430
6353,31405
6354,31405
6355,-773
6356,5902
6357,37679
6358,-625
6359,30706
6360,30706
6361,37311
6362,-37
6363,37054
6364,10268
6365,-883
6366,30669
6367,31221
6368,31258
6369,30779
6370,30816
6371,31589
6372,30926
6373,30963
6374,30853
6375,-110
6376,50395
6377,45537
6378,50578
6379,50137
6380,50137
6381,51204
6382,50983
6383,50395
6384,50836
6385,-184
6386,50946
6387,50983
6388,45096
6389,30890
6390,27939
6391,30706
6392,31294
6393,30926
6394,5976
6395,-699
6396,31515
6397,31074
6398,6454
6399,6307
6400,-515
6401,11041
6402,30963
6403,31074
6404,31441
6405,-258
6406,11077
6407,37753
6408,45652
6409,37385
6410,-184
6411,37274
6412,37606
6413,-515
6414,31147
6415,6196
6416,-809
6417,37430
6418,6049
6419,31110
6420,0
6421,37647
6422,31405
6423,50211
6424,-773
6425,36943
6426,6380
6427,-294
6428,-294
6429,6491
6430,-441
6431,10783
6432,37311
6433,37311
6434,-957
6435,37017
6436,-110
6437,37532
6438,11997
6439,-552
6440,6344
6441,12549
6442,6233
6443,31000
6444,31368
6445,36980
6446,6307
6447,37422
6448,6013
6449,5645
6450,-294
6451,-405
6452,-662
6453,-993
6454,5976
6455,30853
6456,37311
6457,-957
6458,-110
6459,-110
6460,5497
6461,30742
6462,-331
6463,30963
6464,-221
6465,-368
6466,-74
6467,-258
6468,-258
6469,45133
6470,31221
6471,45758
6472,-699
6473,30669
6474,-920
6475,-920
6476,31184
6477,-809
6478,31478
6479,30779
6480,-846
6481,-147
6482,-294
6483,-993
6484,36833
6485,50100
6486,5681
6487,-331
6488,-1067
6489,-589
6490,-589
6491,-368
6492,-368
6493,37091
6494,5865
6495,37385
6496,31331
6497,6270
6498,6270
6499,45436
6500,5829
6501,45169
6502,6013
6503,37238
6504,-294
6505,-1030
6506,5681
6507,5681
6508,37311
6509,-957
6510,-110
6511,37054
6512,37201
6513,-331
6514,31074
6515,-368
6516,36796
6517,37826
6518,5939
6519,5865
6520,31147
6521,12144
6522,-18060
6523,37422
6524,-846
6525,30632
6526,31589
6527,-993
6528,30926
6529,37311
6530,37311
6531,37311
6532,-957
6533,37164
6534,-331
6535,-1067
6536,-589
6537,-883
6538,36796
6539,-74
6540,37091
6541,31441
6542,45574
6543,6417
6544,31368
6545,-184
6546,-184
6547,31331
6548,37606
6549,31037
6550,5718
6551,37422
6552,6049
6553,5792
6554,0
6555,37647
6556,5645
6557,-147
6558,-773
6559,-773
6560,5902
6561,-405
6562,-993
6563,30706
6564,-957
6565,37127
6566,6454
6567,36649
6568,-589
6569,36796
6570,-74
6571,30890
6572,-258
6573,10047
6574,31368
6575,6160
6576,37606
6577,31147
6578,5718
6579,37422
6580,5792
6581,0
6582,45169
6583,-773
6584,30632
6585,-1030
6586,-662
6587,-662
6588,37311
6589,-957
6590,37642
6591,37127
6592,-221
6593,-883
6594,-883
6595,-368
6596,-258
6597,6086
6598,45219
6599,45219
6600,37826
6601,31000
6602,31331
6603,36686
6604,-515
6605,6196
6606,-809
6607,-809
6608,-846
6609,-147
6610,-773
6611,37238
6612,12071
6613,-662
6614,11592
6615,-625
6616,5755
6617,5755
6618,-736
6619,-110
6620,-110
6621,37054
6622,28196
6623,45317
6624,45206
6625,36649
6626,-589
6627,30706
6628,30742
6629,31589
6630,31037
6631,30890
6632,-110
6633,-589
6634,5939
6635,31074
6636,51094
6637,51241
6638,50542
6639,50174
6640,50910
6641,45169
6642,30669
6643,6086
6644,31221
6645,31221
6646,31405
6647,31589
6648,-258
6649,37091
6650,37127
6651,31000
6652,31552
6653,30853
6654,-1030
6655,-993
6656,-368
6657,6160
6658,30890
6659,31405
6660,31552
6661,30779
6662,-74
6663,-920
6664,-184
6665,-184
6666,45436
6667,31110
6668,37238
6669,30632
6670,-294
6671,-405
6672,-1030
6673,28306
6674,-957
6675,6454
6676,6454
6677,45206
6678,11188
6679,-589
6680,-368
6681,-368
6682,45219
6683,37753
6684,5865
6685,-920
6686,31000
6687,36686
6688,31147
6689,6270
6690,37430
6691,6307
6692,45648
6693,6049
6694,31405
6695,-846
6696,36759
6697,-405
6698,-993
6699,-441
6700,5681
6701,11740
6702,20060
6703,-736
6704,-478
6705,-331
6706,-331
6707,-589
6708,-589
6709,37790
6710,37495
6711,5534
6712,5534
6713,-920
6714,-184
6715,-184
6716,45436
6717,37430
6718,0
6719,5902
6720,31589
6721,-294
6722,-662
6723,30706
6724,5755
6725,5608
6726,-736
6727,-478
6728,-110
6729,45721
6730,-74
6731,-258
6732,6344
6733,45652
6734,6233
6735,5865
6736,30669
6737,36980
6738,31515
6739,31552
6740,6270
6741,6013
6742,-846
6743,30632
6744,31589
6745,-294
6746,-294
6747,37863
6748,-625
6749,-478
6750,-478
6751,30816
6752,-221
6753,-221
6754,-883
6755,45353
6756,-74
6757,-258
6758,31441
6759,5534
6760,6233
6761,-184
6762,10121
6763,6196
6764,-809
6765,45436
6766,31478
6767,30779
6768,37238
6769,-294
6770,-405
6771,-1030
6772,37863
6773,10930
6774,30706
6775,-37
6776,-110
6777,-110
6778,-221
6779,-589
6780,-883
6781,5571
6782,-552
6783,-74
6784,11850
6785,31441
6786,31441
6787,5534
6788,-699
6789,31294
6790,31294
6791,31037
6792,37422
6793,5792
6794,37238
6795,31589
6796,36723
6797,-294
6798,-405
6799,-993
6800,-993
6801,-441
6802,-37
6803,-478
6804,-478
6805,37532
6806,37201
6807,30742
6808,30742
6809,30816
6810,-1067
6811,-883
6812,-74
6813,-699
6814,5865
6815,27975
6816,6417
6817,-184
6818,-515
6819,9937
6820,-809
6821,37430
6822,31478
6823,10636
6824,5792
6825,-846
6826,-846
6827,-846
6828,-147
6829,-773
6830,-294
6831,37348
6832,-405
6833,-405
6834,37311
6835,-957
6836,-957
6837,-957
6838,-110
6839,-221
6840,36649
6841,45219
6842,45501
6843,37753
6844,31441
6845,-699
6846,-920
6847,31368
6848,-184
6849,37274
6850,45464
6851,37606
6852,6270
6853,5792
6854,37647
6855,-846
6856,-846
6857,-773
6858,30632
6859,-294
6860,-405
6861,11960
6862,30926
6863,37311
6864,37311
6865,-37
6866,-37
6867,-37
6868,-957
6869,-957
6870,37017
6871,5571
6872,31147
6873,31478
6874,30632
6875,30890
6876,30926
6877,30926
6878,31478
6879,30706
6880,31074
6881,31074
6882,31331
6883,-37
6884,-110
6885,50689
6886,50468
6887,50137
6888,45059
6889,45427
6890,50946
6891,50873
6892,50174
6893,50505
6894,50689
6895,50762
6896,50799
6897,50247
6898,45574
6899,45059
6900,30742
6901,31110
6902,30669
6903,30669
6904,30816
6905,31258
6906,5865
6907,6196
6908,-552
6909,-258
6910,31110
6911,31515
6912,-846
6913,30853
6914,30853
6915,30963
6916,31184
6917,11004
6918,30816
6919,30890
6920,-368
6921,-368
6922,-368
6923,11335
6924,37569
6925,-258
6926,-699
6927,5939
6928,31368
6929,-184
6930,-515
6931,0
6932,37647
6933,-846
6934,-147
6935,-773
6936,5902
6937,37238
6938,-993
6939,-625
6940,-441
6941,37311
6942,37311
6943,-736
6944,-478
6945,5497
6946,30963
6947,31074
6948,-74
6949,45652
6950,5534
6951,-920
6952,31331
6953,37274
6954,-515
6955,31147
6956,6196
6957,36907
6958,36907
6959,45436
6960,31405
6961,-846
6962,-846
6963,-147
6964,37238
6965,36943
6966,-1030
6967,-662
6968,-662
6969,10857
6970,37127
6971,-1067
6972,-18134
6973,-552
6974,-74
6975,-258
6976,6344
6977,30669
6978,37716
6979,31368
6980,-184
6981,12512
6982,31037
6983,11556
6984,5792
6985,11703
6986,5645
6987,37348
6988,-405
6989,-1030
6990,-993
6991,-625
6992,-37
6993,37642
6994,5497
6995,37201
6996,37201
6997,30816
6998,-589
6999,-552
7000,-552
7001,37569
7002,37091
7003,37753
7004,-699
7005,31294
7006,6270
7007,31478
7008,6049
7009,45169
7010,-773
7011,37238
7012,37238
7013,30632
7014,-1030
7015,37863
7016,30706
7017,37311
7018,37311
7019,-37
7020,-221
7021,36649
7022,36649
7023,-920
7024,-920
7025,6417
7026,12181
7027,31258
7028,28123
7029,31037
7030,31478
7031,31478
7032,36870
7033,-846
7034,-147
7035,37238
7036,30632
7037,-294
7038,36833
7039,5608
7040,5608
7041,37311
7042,-478
7043,37017
7044,37642
7045,30816
7046,-589
7047,-883
7048,45219
7049,6344
7050,45832
7051,-515
7052,31258
7053,31515
7054,31184
7055,5792
7056,31110
7057,31110
7058,-846
7059,-846
7060,-405
7061,-1030
7062,5976
7063,-110
7064,-331
7065,-1067
7066,-589
7067,-589
7068,-883
7069,-883
7070,-368
7071,37091
7072,30669
7073,31000
7074,31294
7075,6123
7076,37274
7077,-515
7078,-809
7079,45436
7080,45436
7081,6307
7082,30779
7083,0
7084,5829
7085,-147
7086,-773
7087,37238
7088,30632
7089,-1030
7090,6491
7091,-441
7092,5608
7093,-478
7094,-478
7095,5497
7096,45096
7097,-331
7098,30963
7099,-1067
7100,-368
7101,6086
7102,-920
7103,37716
7104,6160
7105,6160
7106,10158
7107,-515
7108,31258
7109,31147
7110,37430
7111,6013
7112,6013
7113,-846
7114,-294
7115,30926
7116,37311
7117,-736
7118,-957
7119,5497
7120,30816
7121,36649
7122,-883
7123,-883
7124,5571
7125,31221
7126,31368
7127,31441
7128,31000
7129,31110
7130,31258
7131,31368
7132,31515
7133,31515
7134,37311
7135,31037
7136,45206
7137,51277
7138,50358
7139,50211
7140,50284
7141,51277
7142,30632
7143,30706
7144,6491
7145,37201
7146,31074
7147,31515
7148,31294
7149,31368
7150,30853
7151,31294
7152,31147
7153,31331
7154,31441
7155,30632
7156,10709
7157,5497
7158,-883
7159,-552
7160,6086
7161,31221
7162,31441
7163,6417
7164,6417
7165,10893
7166,31184
7167,31037
7168,12475
7169,30779
7170,5718
7171,6049
7172,0
7173,6013
7174,5645
7175,5902
7176,5902
7177,37679
7178,-405
7179,-993
7180,5976
7181,37863
7182,-736
7183,-478
7184,11519
7185,37201
7186,30742
7187,45537
7188,-1067
7189,31221
7190,31221
7191,6344
7192,-699
7193,-699
7194,5939
7195,31000
7196,31515
7197,31515
7198,31552
7199,6049
7200,5829
7201,45169
7202,37647
7203,-147
7204,36943
7205,6380
7206,36723
7207,-294
7208,-294
7209,37863
7210,5681
7211,5681
7212,37311
7213,-736
7214,37127
7215,37201
7216,-221
7217,36649
7218,-368
7219,-552
7220,37569
7221,-74
7222,6086
7223,6086
7224,37753
7225,5939
7226,37716
7227,-515
7228,-515
7229,31515
7230,-809
7231,45436
7232,6049
7233,0
7234,5829
7235,5902
7236,31589
7237,45795
7238,-993
7239,-993
7240,50100
7241,32849
7242,-625
7243,30706
7244,30853
7245,-957
7246,6454
7247,-331
7248,-1067
7249,5571
7250,-74
7251,-74
7252,5939
7253,6123
7254,36686
7255,37274
7256,37606
7257,31552
7258,31552
7259,45436
7260,30779
7261,0
7262,-147
7263,-147
7264,36723
7265,-993
7266,50100
7267,5976
7268,5976
7269,37054
7270,30742
7271,-1067
7272,-221
7273,-258
7274,37753
7275,11629
7276,31368
7277,31147
7278,28233
7279,-809
7280,45436
7281,31037
7282,37430
7283,31589
7284,31589
7285,30853
7286,-736
7287,30742
7288,-331
7289,-221
7290,-883
7291,-74
7292,45611
7293,28049
7294,45652
7295,-699
7296,5865
7297,11482
7298,36870
7299,0
7300,0
7301,31405
7302,31405
7303,31405
7304,36723
7305,37348
7306,-993
7307,-441
7308,-110
7309,10746
7310,37054
7311,37127
7312,30742
7313,-331
7314,-1067
7315,31074
7316,-368
7317,-368
7318,-74
7319,45652
7320,45652
7321,-920
7322,36686
7323,37274
7324,37274
7325,31258
7326,45436
7327,31037
7328,6307
7329,30779
7330,31110
7331,0
7332,37647
7333,5645
7334,5645
7335,-147
7336,-773
7337,-773
7338,6380
7339,-294
7340,-405
7341,-993
7342,-625
7343,30926
7344,37311
7345,-957
7346,-957
7347,37127
7348,37201
7349,6454
7350,-1067
7351,-221
7352,-589
7353,-589
7354,45353
7355,-258
7356,-258
7357,31221
7358,27828
7359,-699
7360,-699
7361,-184
7362,6160
7363,6160
7364,45436
7365,31037
7366,31037
7367,30779
7368,5718
7369,-662
7370,6491
7371,-625
7372,37201
7373,-331
7374,-1067
7375,-1067
7376,30742
7377,31147
7378,31441
7379,31515
7380,31405
7381,30669
7382,30632
7383,51020
7384,51094
7385,45280
7386,45501
7387,45317
7388,50652
7389,45868
7390,50211
7391,51020
7392,50321
7393,51167
7394,50321
7395,50542
7396,51130
7397,45169
7398,30779
7399,30926
7400,10673
7401,31000
7402,31110
7403,31589
7404,31368
7405,31405
7406,-809
7407,31037
7408,30926
7409,31184
7410,31515
7411,5939
7412,5792
7413,31184
7414,30706
7415,-37
7416,45219
7417,6344
7418,-699
7419,31294
7420,36686
7421,6270
7422,45436
7423,31478
7424,5829
7425,37647
7426,-846
7427,-846
7428,6380
7429,5976
7430,37311
7431,37642
7432,-1067
7433,-221
7434,5571
7435,30890
7436,6086
7437,-699
7438,-699
7439,31000
7440,-184
7441,6160
7442,36686
7443,36686
7444,37274
7445,-515
7446,6196
7447,6196
7448,31184
7449,45436
7450,5718
7451,28343
7452,5902
7453,-993
7454,36833
7455,-625
7456,30742
7457,6454
7458,30816
7459,-331
7460,30963
7461,6086
7462,6233
7463,30669
7464,31184
7465,31184
7466,31478
7467,31110
7468,37647
7469,37238
7470,37679
7471,37348
7472,-405
7473,36833
7474,30706
7475,37458
7476,-37
7477,-37
7478,-957
7479,37164
7480,-331
7481,30963
7482,-221
7483,36649
7484,36649
7485,12439
7486,-883
7487,31074
7488,30890
7489,45652
7490,30669
7491,30669
7492,6417
7493,-184
7494,31147
7495,31184
7496,11224
7497,45280
7498,6049
7499,6013
7500,-147
7501,-773
7502,37238
7503,30632
7504,37348
7505,-1030
7506,-662
7507,-441
7508,-37
7509,-957
7510,11887
7511,10305
7512,30742
7513,30816
7514,30816
7515,-221
7516,5571
7517,10452
7518,-699
7519,11114
7520,31258
7521,-809
7522,5718
7523,5792
7524,45169
7525,-846
7526,5645
7527,-773
7528,6380
7529,5976
7530,30853
7531,-957
7532,30742
7533,-221
7534,-368
7535,37826
7536,37826
7537,31441
7538,37716
7539,12034
7540,45390
7541,-515
7542,-515
7543,31184
7544,37430
7545,6013
7546,37238
7547,30632
7548,31589
7549,36723
7550,36759
7551,-993
7552,6491
7553,30706
7554,30926
7555,-478
7556,5497
7557,5497
7558,37127
7559,12107
7560,-331
7561,36649
7562,36649
7563,-883
7564,37790
7565,-368
7566,-552
7567,30890
7568,10010
7569,-920
7570,31294
7571,-184
7572,36686
7573,37274
7574,-515
7575,6196
7576,37430
7577,36870
7578,6049
7579,5829
7580,37238
7581,37238
7582,-1030
7583,-625
7584,-441
7585,5755
7586,37458
7587,-736
7588,-957
7589,37532
7590,-221
7591,36649
7592,-552
7593,45219
7594,12255
7595,5534
7596,5939
7597,37716
7598,45390
7599,-515
7600,-515
7601,31258
7602,31552
7603,11298
7604,30779
7605,-147
7606,-147
7607,-773
7608,37238
7609,-294
7610,-1030
7611,5608
7612,-736
7613,-37
7614,-37
7615,-478
7616,37017
7617,37054
7618,-221
7619,37495
7620,31074
7621,31405
7622,31037
7623,31294
7624,31110
7625,31331
7626,-552
7627,5681
7628,51204
7629,50063
7630,51241
7631,50358
7632,50615
7633,50431
7634,50578
7635,50726
7636,5939
7637,31000
7638,30779
7639,6013
7640,6123
7641,6049
7642,31147
7643,31258
7644,31331
7645,31037
7646,30742
7647,31258
7648,31589
7649,5608
7650,36796
7651,-368
7652,-552
7653,-258
7654,45133
7655,-699
7656,5939
7657,-920
7658,-184
7659,36686
7660,37430
7661,6307
7662,28270
7663,0
7664,5829
7665,37647
7666,-846
7667,-147
7668,37348
7669,-1030
7670,30853
7671,5755
7672,37127
7673,30816
7674,-1067
7675,36649
7676,-883
7677,-74
7678,45133
7679,45219
7680,6344
7681,11261
7682,31441
7683,6123
7684,36686
7685,10084
7686,-809
7687,36870
7688,37679
7689,-405
7690,30926
7691,-957
7692,6454
7693,36649
7694,-589
7695,-552
7696,-74
7697,31221
7698,-699
7699,-920
7700,45832
7701,37385
7702,6417
7703,-184
7704,36686
7705,37274
7706,-515
7707,-515
7708,31515
7709,45243
7710,37647
7711,-846
7712,-147
7713,-773
7714,-294
7715,37348
7716,-1030
7717,-441
7718,5755
7719,37311
7720,-221
7721,36649
7722,-589
7723,-74
7724,30890
7725,6344
7726,6233
7727,31368
7728,6160
7729,36686
7730,31552
7731,36870
7732,30779
7733,0
7734,0
7735,0
7736,-846
7737,37679
7738,-294
7739,36759
7740,-405
7741,-1030
7742,-993
7743,-625
7744,37458
7745,5608
7746,12218
7747,-478
7748,37017
7749,6454
7750,45206
7751,-589
7752,37790
7753,11813
7754,31074
7755,-258
7756,5534
7757,-699
7758,5865
7759,30669
7760,-920
7761,31331
7762,10342
7763,31110
7764,0
7765,-147
7766,37679
7767,36759
7768,-662
7769,50100
7770,6491
7771,37458
7772,30926
7773,-110
7774,30963
7775,36649
7776,36649
7777,37495
7778,37569
7779,-258
7780,31221
7781,37091
7782,37826
7783,12402
7784,31294
7785,31331
7786,36686
7787,36686
7788,10378
7789,0
7790,-846
7791,-294
7792,-405
7793,37311
7794,37054
7795,37201
7796,36649
7797,45652
7798,-699
7799,6233
7800,31000
7801,37385
7802,31147
7803,28185
7804,-846
7805,5645
7806,5645
7807,36943
7808,6380
7809,-405
7810,-1030
7811,-662
7812,-662
7813,-993
7814,-993
7815,-993
7816,36833
7817,10194
7818,-441
7819,-441
7820,5608
7821,-736
7822,-37
7823,30816
7824,-331
7825,-331
7826,45206
7827,-1067
7828,-74
7829,30890
7830,45652
7831,6233
7832,-184
7833,11923
7834,45868
7835,37274
7836,31258
7837,6307
7838,36870
7839,5829
7840,-294
7841,-294
7842,27902
7843,-662
7844,-441
7845,5681
7846,5608
7847,-736
7848,-110
7849,37532
7850,37532
7851,11408
7852,30963
7853,37495
7854,30779
7855,31184
7856,31552
7857,31589
7858,31331
7859,31184
7860,31478
7861,31405
7862,30816
7863,31441
7864,-331
7865,51167
7866,50652
7867,50431
7868,50873
7869,50910
7870,32996
7871,50762
7872,50505
7873,45648
7874,-736
7875,45133
7876,45169
7877,51057
7878,30963
7879,31221
7880,31258
7881,31368
7882,37430
7883,31110
7884,5718
7885,6013
7886,-993
7887,-37
7888,30632
7889,31147
7890,5645
7891,30742
7892,6380
7893,30816
7894,31552
7895,-552
7896,-258
7897,31221
7898,31000
7899,-184
7900,28012
7901,31552
7902,6270
7903,0
7904,45169
7905,-846
7906,-773
7907,-405
7908,30853
7909,12365
7910,37311
7911,-957
7912,-478
7913,-110
7914,5497
7915,37164
7916,-1067
7917,-221
7918,-589
7919,-883
7920,-883
7921,5571
7922,-368
7923,-552
7924,30890
7925,45652
7926,-699
7927,-699
7928,37385
7929,31368
7930,6123
7931,31184
7932,-809
7933,45436
7934,45436
7935,-773
7936,31589
7937,6491
7938,6491
7939,37863
7940,37311
7941,-957
7942,37017
7943,37642
7944,-110
7945,11372
7946,30963
7947,37790
7948,31074
7949,31000
7950,28086
7951,-515
7952,31147
7953,6196
7954,36907
7955,-809
7956,45436
7957,5718
7958,-773
7959,45684
7960,30853
7961,37458
7962,30926
7963,37311
7964,-736
7965,-736
7966,-37
7967,-957
7968,-478
7969,10599
7970,6454
7971,-552
7972,36796
7973,37569
7974,45219
7975,5939
7976,31294
7977,36686
7978,31258
7979,31515
7980,45427
7981,36907
7982,31478
7983,30779
7984,-294
7985,36759
7986,-993
7987,5681
7988,-478
7989,-110
7990,-331
7991,30963
7992,-1067
7993,-1067
7994,-589
7995,-883
7996,37790
7997,30890
7998,30890
7999,-258
8000,31221
8001,10489
8002,-184
8003,36907
8004,45436
8005,28159
8006,31037
8007,31478
8008,-846
8009,6491
8010,-736
8011,-736
8012,-957
8013,-478
8014,-331
8015,30963
8016,-883
8017,31074
8018,-368
8019,9974
8020,11151
8021,30669
8022,-920
8023,31294
8024,31368
8025,31331
8026,31515
8027,-809
8028,45436
8029,0
8030,-147
8031,36759
8032,-441
8033,30926
8034,37311
8035,-883
8036,31074
8037,6086
8038,-699
8039,10967
8040,6233
8041,10525
8042,-920
8043,-184
8044,36686
8045,-809
8046,45436
8047,36870
8048,31405
8049,50211
8050,-147
8051,36943
8052,31589
8053,-294
8054,-405
8055,-1030
8056,-662
8057,37127
8058,37127
8059,37201
8060,30742
8061,-221
8062,-883
8063,-368
8064,36796
8065,30890
8066,12291
8067,31441
8068,-920
8069,31294
8070,37274
8071,31515
8072,5718
8073,31110
8074,5829
8075,31405
8076,31405
8077,-147
8078,6380
8079,-993
8080,30853
8081,37311
8082,-37
8083,-478
8084,-478
8085,-110
8086,-110
8087,-221
8088,27865
8089,31000
8090,31294
8091,31552
8092,31552
8093,30853
8094,31368
8095,30963
8096,31331
8097,51130
8098,50615
8099,51057
8100,45611
8101,50726
8102,50468
8103,50174
8104,45721
8105,50799
8106,50836
8107,-11312
8108,45169
8109,45758
8110,31478
8111,6344
8112,31037
8113,31441
8114,5681
8115,6196
8116,31331
8117,31478
8118,6270
8119,6417
8120,-662
8121,31000
8122,5939
8123,5939
8124,36796
8125,37127
8126,31478
8127,6233
8128,-809
8129,-124
8130,5690
8131,5543
8132,318
8133,5727
8134,60
8135,5249
8136,5138
8137,355
8138,5212
8139,355
8140,612
8141,392
8142,-50
8143,5948
8144,-124
8145,5911
8146,5837
8147,171
8148,171
8149,5727
8150,5138
8151,428
8152,5249
8153,612
8154,355
8155,539
8156,5322
8157,392
8158,-124
8159,5396
8160,171
8161,281
8162,244
8163,-87
8164,244
8165,5212
8166,24
8167,134
8168,5580
8169,576
8170,5469
8171,392
8172,392
8173,465
8174,281
8175,281
8176,612
8177,539
8178,539
8179,5580
8180,392
8181,649
8182,5617
8183,5396
8184,5286
8185,5433
8186,5653
8187,60
8188,244
8189,-87
8190,433
8191,6058
8192,612
8193,24
8194,24
8195,392
8196,-50
8197,-124
8198,502
8199,5286
8200,-160
8201,612
8202,-13
8203,134
8204,5322
8205,0
8206,392
8207,5948
8208,208
8209,5617
8210,171
8211,6021
8212,5359
8213,5359
8214,318
8215,318
8216,60
8217,60
8218,216
8219,5322
8220,-50
8221,5948
8222,502
8223,208
8224,5690
8225,5617
8226,5286
8227,171
8228,5801
8229,5801
8230,24
8231,5469
8232,5433
8233,5359
8234,5506
8235,5580
8236,-124
8237,5543
8238,5617
8239,5653
8240,5764
8241,5543
8242,5175
8243,5175
8244,5212
8245,5359
8246,5212
8247,-17035
8248,5727
8249,5874
8250,5985
8251,5175
8252,5286
8253,5286
8254,5433
8255,5469
8256,5580
8257,5801
8258,5322
8259,5543
8260,5690
8261,5801
8262,5911
8263,5175
8264,5212
8265,5653
8266,5874
8267,649
8268,5322
8269,208
8270,5985
8271,5837
8272,5837
8273,5543
8274,5359
8275,-87
8276,5175
8277,5842
8278,612
8279,134
8280,576
8281,5469
8282,5764
8283,5764
8284,649
8285,171
8286,5801
8287,6021
8288,318
8289,5175
8290,5249
8291,5249
8292,428
8293,5249
8294,355
8295,24
8296,576
8297,5580
8298,5506
8299,502
8300,649
8301,5690
8302,5396
8303,5653
8304,428
8305,-13
8306,134
8307,355
8308,5948
8309,5617
8310,5543
8311,318
8312,60
8313,6058
8314,244
8315,355
8316,612
8317,24
8318,5469
8319,-50
8320,5617
8321,5911
8322,281
8323,5359
8324,5874
8325,60
8326,5249
8327,539
8328,539
8329,5322
8330,576
8331,5322
8332,5948
8333,5690
8334,5286
8335,5543
8336,318
8337,318
8338,5175
8339,134
8340,5212
8341,5842
8342,5764
8343,208
8344,5617
8345,171
8346,318
8347,5727
8348,244
8349,6058
8350,134
8351,134
8352,5322
8353,576
8354,5506
8355,5506
8356,-50
8357,649
8358,5690
8359,171
8360,318
8361,539
8362,5580
8363,5322
8364,576
8365,5469
8366,-13
8367,5506
8368,5985
8369,5543
8370,465
8371,5396
8372,5727
8373,5801
8374,5874
8375,5948
8376,5985
8377,5580
8378,5617
8379,5690
8380,5985
8381,5985
8382,5249
8383,5322
8384,428
8385,5433
8386,5837
8387,5948
8388,5948
8389,5580
8390,5580
8391,5727
8392,5764
8393,5764
8394,5801
8395,5837
8396,5837
8397,5249
8398,5286
8399,5322
8400,5175
8401,5286
8402,5837
8403,5175
8404,5175
8405,5911
8406,612
8407,5138
8408,5837
8409,5138
8410,5506
8411,392
8412,465
8413,208
8414,649
8415,5625
8416,5837
8417,281
8418,281
8419,5874
8420,5874
8421,5175
8422,428
8423,-5351
8424,539
8425,5842
8426,612
8427,5469
8428,97
8429,5469
8430,97
8431,502
8432,649
8433,5543
8434,281
8435,281
8436,5138
8437,244
8438,5842
8439,134
8440,97
8441,0
8442,5580
8443,465
8444,208
8445,5985
8446,5837
8447,60
8448,5433
8449,-87
8450,216
8451,97
8452,576
8453,5617
8454,5286
8455,5911
8456,5911
8457,5359
8458,5727
8459,5433
8460,5653
8461,-87
8462,244
8463,6058
8464,6058
8465,134
8466,216
8467,539
8468,5469
8469,97
8470,502
8471,5286
8472,171
8473,5801
8474,-5461
8475,5249
8476,5175
8477,97
8478,5580
8479,5764
8480,392
8481,465
8482,502
8483,649
8484,5985
8485,5985
8486,5801
8487,6021
8488,-87
8489,5249
8490,-13
8491,5212
8492,24
8493,97
8494,97
8495,5506
8496,465
8497,5911
8498,5911
8499,171
8500,5359
8501,5359
8502,318
8503,318
8504,5727
8505,5874
8506,5653
8507,60
8508,244
8509,428
8510,5249
8511,24
8512,5322
8513,392
8514,-50
8515,-50
8516,649
8517,5911
8518,5543
8519,171
8520,5727
8521,5653
8522,5175
8523,5175
8524,134
8525,355
8526,5469
8527,5727
8528,5433
8529,208
8530,5842
8531,5801
8532,5653
8533,5727
8534,5985
8535,5801
8536,5948
8537,5286
8538,5286
8539,5580
8540,5249
8541,5727
8542,5911
8543,5801
8544,5764
8545,5874
8546,5690
8547,5175
8548,5175
8549,5286
8550,5322
8551,5359
8552,5359
8553,5653
8554,5801
8555,5212
8556,5948
8557,97
8558,649
8559,5286
8560,5286
8561,5580
8562,5874
8563,5985
8564,5212
8565,5396
8566,5433
8567,465
8568,208
8569,649
8570,649
8571,5396
8572,5286
8573,171
8574,281
8575,281
8576,5359
8577,318
8578,60
8579,60
8580,5842
8581,5764
8582,-50
8583,-124
8584,208
8585,208
8586,649
8587,649
8588,5625
8589,5543
8590,171
8591,318
8592,-87
8593,-87
8594,5842
8595,24
8596,-13
8597,576
8598,5948
8599,208
8600,208
8601,5985
8602,5690
8603,5617
8604,5286
8605,5911
8606,5801
8607,5359
8608,5138
8609,244
8610,433
8611,24
8612,5580
8613,5617
8614,612
8615,216
8616,539
8617,5469
8618,97
8619,5948
8620,-124
8621,502
8622,649
8623,5396
8624,5617
8625,5801
8626,5727
8627,5874
8628,5874
8629,-160
8630,433
8631,244
8632,612
8633,355
8634,-13
8635,5469
8636,5506
8637,502
8638,5690
8639,5286
8640,5911
8641,5837
8642,5837
8643,5801
8644,428
8645,5249
8646,-87
8647,5842
8648,612
8649,576
8650,576
8651,576
8652,5764
8653,5948
8654,465
8655,649
8656,5690
8657,5396
8658,5617
8659,281
8660,281
8661,5653
8662,428
8663,428
8664,355
8665,-13
8666,576
8667,5506
8668,502
8669,649
8670,5985
8671,5690
8672,5617
8673,5286
8674,6021
8675,5874
8676,60
8677,428
8678,134
8679,5469
8680,576
8681,5322
8682,244
8683,5842
8684,5842
8685,5359
8686,5433
8687,5653
8688,5764
8689,5469
8690,5543
8691,5837
8692,5580
8693,5764
8694,6021
8695,134
8696,216
8697,5286
8698,5322
8699,5359
8700,5543
8701,5580
8702,355
8703,5286
8704,5359
8705,5396
8706,5617
8707,5175
8708,5322
8709,5322
8710,5764
8711,5911
8712,-87
8713,5690
8714,5727
8715,5911
8716,5617
8717,5690
8718,5764
8719,5764
8720,5801
8721,5249
8722,5433
8723,5433
8724,5506
8725,5617
8726,5801
8727,5212
8728,5433
8729,5690
8730,5801
8731,6058
8732,5911
8733,6021
8734,5842
8735,-87
8736,5249
8737,5249
8738,5396
8739,5469
8740,5617
8741,5690
8742,5948
8743,5212
8744,5249
8745,392
8746,465
8747,502
8748,208
8749,649
8750,649
8751,5837
8752,5543
8753,6021
8754,5359
8755,318
8756,5249
8757,-87
8758,244
8759,6058
8760,24
8761,5212
8762,216
8763,-13
8764,576
8765,97
8766,-5425
8767,5580
8768,392
8769,465
8770,502
8771,649
8772,24
8773,5764
8774,5948
8775,281
8776,318
8777,60
8778,5433
8779,60
8780,244
8781,6058
8782,5175
8783,539
8784,134
8785,24
8786,355
8787,392
8788,5911
8789,5911
8790,-160
8791,428
8792,244
8793,-87
8794,5175
8795,612
8796,134
8797,97
8798,5469
8799,576
8800,208
8801,649
8802,649
8803,5985
8804,5985
8805,5837
8806,5837
8807,5359
8808,5727
8809,5727
8810,5874
8811,60
8812,433
8813,433
8814,428
8815,355
8816,5842
8817,539
8818,24
8819,97
8820,465
8821,5543
8822,171
8823,281
8824,5727
8825,5653
8826,5653
8827,5653
8828,428
8829,428
8830,244
8831,428
8832,-13
8833,-13
8834,355
8835,5580
8836,97
8837,5580
8838,-124
8839,465
8840,502
8841,649
8842,5727
8843,5433
8844,-160
8845,-87
8846,612
8847,612
8848,539
8849,576
8850,5948
8851,465
8852,5617
8853,5801
8854,5727
8855,6058
8856,5249
8857,428
8858,244
8859,134
8860,24
8861,24
8862,539
8863,5727
8864,5469
8865,5469
8866,-5319
8867,5433
8868,5212
8869,5212
8870,5249
8871,5469
8872,5322
8873,5911
8874,5653
8875,5727
8876,5764
8877,5837
8878,5911
8879,5580
8880,5617
8881,5690
8882,5837
8883,5874
8884,5874
8885,5359
8886,5396
8887,502
8888,216
8889,5322
8890,5322
8891,5396
8892,5580
8893,5727
8894,5727
8895,-13
8896,5764
8897,5874
8898,6058
8899,5469
8900,5653
8901,5764
8902,5985
8903,-160
8904,5359
8905,5653
8906,5837
8907,5212
8908,5433
8909,5580
8910,5948
8911,6058
8912,5175
8913,5138
8914,5212
8915,5212
8916,5322
8917,5396
8918,5985
8919,5985
8920,5396
8921,5506
8922,5506
8923,5764
8924,5764
8925,465
8926,502
8927,5690
8928,5690
8929,5617
8930,5286
8931,171
8932,5801
8933,281
8934,5874
8935,5433
8936,-87
8937,6058
8938,539
8939,5212
8940,355
8941,134
8942,392
8943,392
8944,465
8945,5286
8946,5543
8947,5359
8948,5727
8949,5874
8950,5653
8951,-87
8952,5212
8953,5469
8954,-50
8955,649
8956,649
8957,5985
8958,5286
8959,171
8960,5175
8961,5212
8962,216
8963,216
8964,24
8965,5580
8966,5322
8967,-50
8968,-50
8969,5985
8970,5690
8971,5690
8972,5837
8973,5543
8974,5801
8975,281
8976,6021
8977,5359
8978,318
8979,5874
8980,5138
8981,-13
8982,-13
8983,5322
8984,5469
8985,5469
8986,5506
8987,465
8988,5690
8989,5727
8990,5653
8991,244
8992,5138
8993,244
8994,244
8995,355
8996,612
8997,-13
8998,97
8999,502
9000,208
9001,5985
9002,5911
9003,171
9004,171
9005,171
9006,281
9007,5874
9008,6058
9009,5175
9010,-87
9011,-87
9012,-13
9013,97
9014,97
9015,5580
9016,0
9017,392
9018,5948
9019,208
9020,208
9021,208
9022,171
9023,281
9024,5727
9025,5653
9026,-160
9027,428
9028,5212
9029,5580
9030,-50
9031,-50
9032,502
9033,649
9034,649
9035,649
9036,-5498
9037,5396
9038,5359
9039,318
9040,5727
9041,5433
9042,5653
9043,5249
9044,612
9045,5212
9046,355
9047,5842
9048,97
9049,5727
9050,5433
9051,-27785
9052,5617
9053,5874
9054,428
9055,5322
9056,5506
9057,5543
9058,5837
9059,5985
9060,5690
9061,5948
9062,-124
9063,5212
9064,5322
9065,5469
9066,5617
9067,5617
9068,5175
9069,5396
9070,5433
9071,5653
9072,5911
9073,5985
9074,5801
9075,5837
9076,5842
9077,5842
9078,5948
9079,465
9080,5396
9081,5837
9082,5837
9083,5911
9084,5212
9085,5396
9086,5625
9087,5625
9088,5212
9089,5249
9090,5212
9091,5286
9092,5396
9093,5690
9094,5801
9095,5506
9096,5506
9097,5764
9098,392
9099,-50
9100,-50
9101,-124
9102,465
9103,502
9104,502
9105,5286
9106,5911
9107,5911
9108,5837
9109,281
9110,5727
9111,5175
9112,-87
9113,355
9114,612
9115,576
9116,5506
9117,5764
9118,-50
9119,649
9120,5396
9121,6021
9122,5653
9123,5138
9124,5249
9125,-87
9126,612
9127,24
9128,355
9129,5842
9130,97
9131,576
9132,5764
9133,465
9134,502
9135,208
9136,5837
9137,171
9138,171
9139,5801
9140,5359
9141,-160
9142,5653
9143,60
9144,428
9145,-87
9146,24
9147,-13
9148,5322
9149,-50
9150,5948
9151,502
9152,5617
9153,318
9154,-5388
9155,60
9156,428
9157,24
9158,24
9159,465
9160,502
9161,5625
9162,5286
9163,5911
9164,5837
9165,171
9166,5727
9167,428
9168,5138
9169,-87
9170,244
9171,-13
9172,97
9173,576
9174,5506
9175,392
9176,649
9177,649
9178,5690
9179,5617
9180,5837
9181,5874
9182,60
9183,5138
9184,355
9185,539
9186,576
9187,5469
9188,0
9189,392
9190,5625
9191,5911
9192,5837
9193,5543
9194,281
9195,5727
9196,5175
9197,5138
9198,5175
9199,-13
9200,539
9201,355
9202,5469
9203,392
9204,-50
9205,465
9206,5801
9207,5801
9208,5874
9209,5175
9210,428
9211,539
9212,612
9213,97
9214,318
9215,5948
9216,5175
9217,5249
9218,5359
9219,5212
9220,5653
9221,5690
9222,-124
9223,5727
9224,5506
9225,5653
9226,5764
9227,5837
9228,5911
9229,5617
9230,5874
9231,5948
9232,5985
9233,-160
9234,5249
9235,5359
9236,5396
9237,5469
9238,5322
9239,5359
9240,5396
9241,5580
9242,5580
9243,5690
9244,5469
9245,5653
9246,5653
9247,5764
9248,5874
9249,5911
9250,134
9251,5580
9252,5690
9253,5801
9254,5801
9255,5653
9256,649
9257,5212
9258,5286
9259,5617
9260,5690
9261,5801
9262,5948
9263,649
9264,208
9265,5249
9266,5286
9267,5322
9268,5469
9269,5543
9270,5617
9271,5874
9272,576
9273,5212
9274,5469
9275,392
9276,208
9277,649
9278,5985
9279,60
9280,6058
9281,5212
9282,5580
9283,5506
9284,5617
9285,5617
9286,6021
9287,5874
9288,5653
9289,5653
9290,-87
9291,433
9292,134
9293,576
9294,5322
9295,392
9296,-50
9297,-50
9298,465
9299,5985
9300,5985
9301,281
9302,281
9303,318
9304,318
9305,5874
9306,5433
9307,-87
9308,355
9309,539
9310,539
9311,355
9312,5469
9313,5322
9314,5764
9315,5948
9316,5948
9317,5948
9318,-124
9319,502
9320,649
9321,5985
9322,171
9323,5359
9324,318
9325,244
9326,539
9327,539
9328,97
9329,5948
9330,465
9331,649
9332,649
9333,5690
9334,281
9335,60
9336,5433
9337,-29083
9338,60
9339,428
9340,355
9341,5580
9342,5580
9343,97
9344,-50
9345,465
9346,465
9347,208
9348,649
9349,649
9350,5286
9351,5543
9352,5801
9353,244
9354,355
9355,97
9356,5764
9357,5286
9358,60
9359,-160
9360,24
9361,576
9362,502
9363,5286
9364,5911
9365,5837
9366,171
9367,5433
9368,-160
9369,5249
9370,-13
9371,134
9372,5842
9373,5322
9374,5322
9375,5469
9376,576
9377,5842
9378,5837
9379,5286
9380,5948
9381,5543
9382,5764
9383,5911
9384,5690
9385,5837
9386,5948
9387,5985
9388,-160
9389,171
9390,5249
9391,5396
9392,5396
9393,5469
9394,5543
9395,612
9396,5506
9397,5690
9398,5175
9399,5396
9400,5727
9401,5764
9402,5874
9403,5874
9404,6058
9405,6058
9406,216
9407,5506
9408,5764
9409,5249
9410,5653
9411,5727
9412,5764
9413,5837
9414,433
9415,5175
9416,5506
9417,5690
9418,5690
9419,5764
9420,5801
9421,5911
9422,5985
9423,5874
9424,5874
9425,5985
9426,5985
9427,5842
9428,134
9429,5249
9430,5653
9431,5764
9432,5948
9433,6021
9434,396
9435,359
9436,433
9437,0
9438,6850
9439,6850
9440,1257
9441,359
9442,1367
9443,433
9444,433
9445,1298
9446,632
9447,433
9448,216
9449,1220
9450,433
9451,433
9452,1404
9453,6850
9454,6813
9455,359
9456,1298
9457,6850
9458,6924
9459,6813
9460,6850
9461,6887
9462,1298
9463,6813
9464,359
9465,6850
9466,359
9467,1478
9468,6813
9469,-10438
9470,1298
9471,433
9472,852
9473,6813
9474,6850
9475,6813
9476,6813
9477,6850
9478,6850
9479,1298
9480,1082
9481,6850
9482,359
9483,1036
9484,742
9485,433
9486,433
9487,433
9488,6924
9489,6813
9490,1082
9491,-10401
9492,396
9493,1294
9494,433
9495,1298
9496,1147
9497,433
9498,433
9499,6813
9500,6850
9501,-10438
9502,433
9503,1082
9504,6924
9505,0
9506,1515
9507,396
9508,889
9509,6850
9510,433
9511,6850
9512,1298
9513,926
9514,396
9515,6887
9516,6924
9517,6813
9518,1298
9519,963
9520,433
9521,433
9522,216
9523,6924
9524,668
9525,433
9526,-10401
9527,6813
9528,6813
9529,216
9530,6887
9531,-10401
9532,6887
9533,816
9534,216
9535,-10438
9536,359
9537,216
9538,6850
9539,6850
9540,1298
9541,705
9542,433
9543,359
9544,6813
9545,433
9546,6850
9547,6813
9548,1298
9549,433
9550,1082
9551,396
9552,0
9553,-16892
9554,1073
9555,6924
9556,-10438
9557,6813
9558,1082
9559,6924
9560,433
9561,6887
9562,-10438
9563,433
9564,216
9565,6887
9566,6813
9567,0
9568,6813
9569,6887
9570,6850
9571,6850
9572,6850
9573,1298
9574,433
9575,1110
9576,396
9577,359
9578,6850
9579,433
9580,6850
9581,1441
9582,433
9583,6887
9584,396
9585,433
9586,6924
9587,6813
9588,779
9589,216
9590,433
9591,-10401
9592,6887
9593,6850
9594,6887
9595,-10401
9596,6850
9597,6813
9598,1298
9599,6813
9600,999
9601,359
9602,1183
9603,216
9604,6850
9605,0
9606,1331
9607,359
9608,-10401
9609,6850
9610,6813
9611,433
9612,359
9613,6813
9614,6813
9615,999
